Workbook
Name _413565: "hdong+Sheet1!$A$2:$J$24263!$A$13374"
Name _o1: [1]概要!$B$18
Name _o2: [1]概要!$B$19
Name _oa: [2]概要!$B$20
Name _ob: [2]概要!$B$21
Name _q1: [1]概要!$D$18
Name _q2: [1]概要!$D$19
Name app_names: [3]Applications!$A$5:$A$10
Name asc: SUM(#REF!)
Name asc: SUM(#REF!)
Name asc: SUM(#REF!)
Name asc: SUM(#REF!)
Name asc: SUM(#REF!)
Name BL: "$A$1:$f$11"
Name CLVC3: 0.1
Name colum: 1
Name css_mode: '[4]Prerequisites '!$C$81:$C$83
Name CSS_MTU: '[4]Prerequisites '!$C$75:$C$79
Name Device_Function: '[5]Lookup-Naming'!$L$5:$L$14
Name Device_Model: '[5]Lookup-Naming'!$O$5:$O$15
Name Document_array: {"Book1"}
Name Document_array: {"Book1"}
Name Document_array: {"Book1"}
Name Document_array: {"Book1"}
Name Domain_Name: '[5]Lookup-Naming'!$F$5
Name Drawpoints: 1
Name DSTD_Clear: #N/A
Name Environment_Name: '[5]Lookup-Naming'!$I$5:$I$7
Name Heä_soá_laép_xaø_H: 1.7
Name HSCT3: 0.1
Name HSDN: 2.5
Name HSLXH: 1.7
Name HTML1_10: ""
Name HTML1_11: 1
Name HTML1_12: "C:\WINDOWS\DESKTOP\dallas.htm"
Name HTML1_2: 1
Name HTML1_3: "BSC-MTX Equipment"
Name HTML1_4: "Materials List - Dallas Switch"
Name HTML1_5: ""
Name HTML1_6: 1
Name HTML1_7: 1
Name HTML1_8: "2/10/97"
Name HTML1_9: "Nortel - CDMA Network Planning"
Name HTML2_10: ""
Name HTML2_11: 1
Name HTML2_12: "C:\WINDOWS\DESKTOP\dallas.htm"
Name HTML2_2: 1
Name HTML2_3: "BSC-MTX Tool 4"
Name HTML2_4: "Materials List"
Name HTML2_5: ""
Name HTML2_6: -4146
Name HTML2_7: -4146
Name HTML2_8: "2/10/97"
Name HTML2_9: "Nortel"
Name HTML3_10: ""
Name HTML3_11: 1
Name HTML3_12: "C:\WINDOWS\DESKTOP\MyHTML.htm"
Name HTML3_2: 1
Name HTML3_3: "BSC-MTX Tool 4"
Name HTML3_4: "Materials List"

Sheet MME_Lic
P1: =O14/L14*L15 -> 2424.2424 | Q1: =P14/M14*M15 -> 4000
A3: Node | B3: Node | C3: Existing | F3: Targeted (Q4-2021) | I3: Targeted (Q4-2023) | L3: Targeted (Q4-2024) | O3: License VHKT | Q3: Current kSAU 10/2024 | S3: SGSN/MME Pool | T3: Vendor | U3: Telco-Cloud | V3: PE-PS | W3: Note
C4: KSAU | D4: KBearer | E4: KPPS | F4: KSAU | G4: KBearer | H4: KPPS | I4: KSAU | J4: KBearer | K4: KPPS | L4: KSAU | M4: KBearer | N4: KPPS | O4: KSAU | P4: KBearer | Q4: KSAU | R4: KBearer | Z4: KV | AA4: SGSN/MME Pool | AB4: PE-PS | AC4: TC/Native | AD4: License kSAU commercial | AF4: License kSAU VHKT | AH4: Current kSAU 10/2024 | AI4: Phân bổ current kSAU 10/2024 | AJ4: % SAU/License (1 TC down) | AK4: % SAU/License VHKT (1 TC down) | AL4: TC down
A5: =LEFT(B5,6) -> SGHL04 | B5: SGHL04 (MKVIII) | C5: 2500 | D5: 2300 | E5: 28 | F5: 2500 | G5: 2300 | H5: 28 | I5: 2500 | J5: 2300 | K5: 28 | L5: 2500 | M5: 2300 | N5: 28 | O5: 2500 | P5: 5000 | Q5: 2341.017 | R5: 3037.923 | S5: HNI01 | T5: Native Ericsson | U5: Native01 | V5: PEPS_HLC_03/04 | X5: =LEFT(B5,6) -> SGHL04 | Z5: KV1 | AA5: HNI01 (Eric) | AB5: PEDĐ_HLC_05/06 | AC5: Native01 | AD5: =SUMIF($U$5:$V$48,AC5,$L$5:$L$48) -> 18200 | AE5: =AD5+AD6+AD7 -> 35400 | AF5: =SUMIF($U$5:$V$48,AC5,$O$5:$O$48) -> 21000 | AG5: =AF5+AF6+AF7 -> 41800 | AH5: =SUMIF($U$5:$V$48,AC5,$Q$5:$Q$48) -> 18129.374 | AI5: =24500 -> 24500 | AJ5: =$AI5/(AE5-AD6) -> 0.9141791 | AK5: =$AI5/(AG5-AF6) -> 0.78025478
A6: =LEFT(B6,6) -> SGHL05 | B6: SGHL05 (MKVIII) | C6: 2500 | D6: 2300 | E6: 28 | F6: 2500 | G6: 2300 | H6: 28 | I6: 2500 | J6: 2300 | K6: 28 | L6: 2500 | M6: 2300 | N6: 28 | O6: 2500 | P6: 5000 | Q6: 2411.403 | R6: 3155.254 | T6: Native Ericsson | U6: Native01 | V6: PEPS_HLC_03/04 | X6: =LEFT(B6,6) -> SGHL05 | AB6: PEPS_HLC_05/06 | AC6: TCHL01 | AD6: =SUMIF($U$5:$V$48,AC6,$L$5:$L$48) -> 8600 | AF6: =SUMIF($U$5:$V$48,AC6,$O$5:$O$48) -> 10400 | AH6: =SUMIF($U$5:$V$48,AC6,$Q$5:$Q$48) -> 5788.734
A7: =LEFT(B7,6) -> SGHL06 | B7: SGHL06 (MKX) | C7: 3300 | D7: 3200 | E7: 31 | F7: 3300 | G7: 3200 | H7: 31 | I7: 3300 | J7: 3200 | K7: 31 | L7: 3300 | M7: 3200 | N7: 31 | O7: 4000 | P7: 6600 | Q7: 2708.021 | R7: 3699.915 | T7: Native Ericsson | U7: Native01 | V7: PEDĐ_HLC_05/06 | X7: =LEFT(B7,6) -> SGHL06 | AB7: PEPS_HLC_05/06 | AC7: TCHL02 | AD7: =SUMIF($U$5:$V$48,AC7,$L$5:$L$48) -> 8600 | AF7: =SUMIF($U$5:$V$48,AC7,$O$5:$O$48) -> 10400 | AH7: =SUMIF($U$5:$V$48,AC7,$Q$5:$Q$48) -> 6029.241 | AL7: down
A8: =LEFT(B8,6) -> SGHL07 | B8: SGHL07 (MKX) | C8: 3300 | D8: 3200 | E8: 31 | F8: 3300 | G8: 3200 | H8: 31 | I8: 3300 | J8: 3200 | K8: 31 | L8: 3300 | M8: 3200 | N8: 31 | O8: 4000 | P8: 6600 | Q8: 3410.305 | R8: 4514.249 | T8: Native Ericsson | U8: Native01 | V8: PEDĐ_HLC_05/06 | X8: =LEFT(B8,6) -> SGHL07 | AA8: HNI02 (Eric) | AB8: PEPS_HLC_07/08 | AC8: TCHL04 | AD8: =SUMIF($U$5:$V$48,AC8,$L$5:$L$48) -> 6000 | AE8: =AD8+AD9 -> 12000 | AF8: =SUMIF($U$5:$V$48,AC8,$O$5:$O$48) -> 7200 | AG8: =AF8+AF9 -> 14400 | AH8: =SUMIF($U$5:$V$48,AC8,$Q$5:$Q$48) -> 0 | AI8: =SUM(AH5:AH9)-AI5 -> 5447.349 | AJ8: =AI8/(AE8-AD8) -> 0.9078915 | AK8: =AI8/(AG8-AF9) -> 0.75657625
A9: =LEFT(B9,6) -> SGHL08 | B9: SGHL08 (MKX) | C9: 3300 | D9: 3200 | E9: 31 | F9: 3300 | G9: 3200 | H9: 31 | I9: 3300 | J9: 3200 | K9: 31 | L9: 3300 | M9: 3200 | N9: 31 | O9: 4000 | P9: 6600 | Q9: 3933.589 | R9: 5313.199 | T9: Native Ericsson | U9: Native01 | V9: PEDĐ_HLC_05/06 | X9: =LEFT(B9,6) -> SGHL08 | AB9: PEPS_HLC_07/08 | AC9: TCHL10 | AD9: =SUMIF($U$5:$V$48,AC9,$L$5:$L$48) -> 6000 | AF9: =SUMIF($U$5:$V$48,AC9,$O$5:$O$48) -> 7200 | AH9: =SUMIF($U$5:$V$48,AC9,$Q$5:$Q$48) -> 0 | AL9: down
A10: =LEFT(B10,6) -> SGHL09 | B10: SGHL09 (Backup) | C10: 3000 | D10: 3000 | E10: 28 | F10: 3300 | G10: 3300 | H10: 28 | I10: 3300 | J10: 3300 | K10: 28 | L10: 3300 | M10: 3300 | N10: 28 | O10: 4000 | P10: 6600 | Q10: 3325.039 | R10: 4402.585 | T10: Native Ericsson | U10: Native01 | V10: PEDĐ_HLC_05/06 | X10: =LEFT(B10,6) -> SGHL09 | Z10: KV2 | AA10: ĐNG01 (Eric) | AB10: PEDĐ_HKH_03/04 | AC10: Native02 | AD10: =SUMIF($U$5:$V$48,AC10,$L$5:$L$48) -> 6900 | AE10: =AD10+AD11 -> 9200 | AF10: =SUMIF($U$5:$V$48,AC10,$O$5:$O$48) -> 7800 | AG10: =AF10+AF11 -> 10400 | AH10: =SUMIF($U$5:$V$48,AC10,$Q$5:$Q$48) -> 5170.04 | AI10: =SUM(AH10:AH11) -> 7197.438 | AJ10: =AI10/(AE10-AD11) -> 1.043107 | AK10: =AI10/(AG10-AF11) -> 0.92274846
A11: =LEFT(B11,6) -> SGHL10 | B11: SGHL10 | C11: 2500 | D11: 5000 | F11: 3300 | G11: 6600 | I11: 3300 | J11: 6600 | L11: 3300 | M11: 6600 | O11: 4000 | P11: 6600 | Q11: 2469.707 | R11: 3254.81 | T11: NFV Ericsson | U11: TCHL01 | V11: PEPS_HLC_05/06 | X11: =LEFT(B11,6) -> SGHL10 | AB11: PEPS_HKH_03/04 | AC11: TCHK01 | AD11: =SUMIF($U$5:$V$48,AC11,$L$5:$L$48) -> 2300 | AF11: =SUMIF($U$5:$V$48,AC11,$O$5:$O$48) -> 2600 | AH11: =SUMIF($U$5:$V$48,AC11,$Q$5:$Q$48) -> 2027.398 | AL11: down
A12: =LEFT(B12,6) -> SGHL11 | B12: SGHL11 (Backup) | F12: 3300 | G12: 6600 | I12: 3300 | J12: 6600 | L12: 3300 | M12: 6600 | O12: 4000 | P12: 6600 | Q12: 2659.326 | R12: 3501.768 | T12: NFV Ericsson | U12: TCHL01 | V12: PEPS_HLC_05/06 | X12: =LEFT(B12,6) -> SGHL11 | AA12: ĐNG02 (VHT) | AB12: PEPS_HKH_03/04 | AC12: TCHK02 | AD12: =SUMIF($U$5:$V$48,AC12,$L$5:$L$48) -> 4500 | AE12: =AD12+AD13+AD14 -> 10500 | AF12: =SUMIF($U$5:$V$48,AC12,$O$5:$O$48) -> 4500 | AG12: =AF12+AF13+AF14 -> 10500 | AH12: =SUMIF($U$5:$V$48,AC12,$Q$5:$Q$48) -> 2573.835 | AI12: =AH12 -> 2573.835 | AJ12: =AH12/(AF12+AF13) -> 0.343178 | AK12: =AJ12 -> 0.343178
A13: =LEFT(B13,6) -> SGHL12 | B13: SGHL12 | F13: 3300 | G13: 6600 | I13: 3300 | J13: 6600 | L13: 3300 | M13: 6600 | O13: 4000 | P13: 6600 | Q13: 2714.895 | R13: 3678.776 | T13: NFV Ericsson | U13: TCHL02 | V13: PEPS_HLC_05/06 | X13: =LEFT(B13,6) -> SGHL12 | AB13: PEPS_HKH_03/04 | AC13: TCHK06 | AD13: 3000 | AF13: 3000
A14: =LEFT(B14,6) -> SGHL13 | B14: SGHL13 | F14: 3300 | G14: 6600 | I14: 3300 | J14: 6600 | L14: 3300 | M14: 6600 | O14: 4000 | P14: 6600 | Q14: 2699.862 | R14: 3656.538 | T14: NFV Ericsson | U14: TCHL02 | V14: PEPS_HLC_05/06 | X14: =LEFT(B14,6) -> SGHL13 | AB14: PEPS_HKH_03/04 | AC14: TCHK07 | AD14: 3000 | AF14: 3000 | AL14: down
A15: =LEFT(B15,6) -> SGHL14 | B15: SGHL14 | I15: 2000 | J15: 4000 | L15: 2000 | M15: 4000 | O15: 2400 | P15: 4000 | Q15: 659.701 | R15: 0 | T15: NFV Ericsson | U15: TCHL01 | V15: PEPS_HLC_05/06 | X15: =LEFT(B15,6) -> SGHL14 | Z15: KV3 | AA15: HCM01 (Eric) | AB15: PEPS_HHT_01/02 | AC15: Native03 | AD15: =SUMIF($U$5:$V$48,AC15,$L$5:$L$48) -> 15400 | AE15: =AD15+AD16 -> 26600 | AF15: =SUMIF($U$5:$V$48,AC15,$O$5:$O$48) -> 17000 | AG15: =AF15+AF16 -> 30000 | AH15: =SUMIF($U$5:$V$48,AC15,$Q$5:$Q$48) -> 10600.005 | AI15: =15900 -> 15900 | AJ15: =AI15/(AE15-AD16) -> 1.0324675 | AK15: =AI15/(AG15-AF16) -> 0.93529412
A16: =LEFT(B16,6) -> SGHL15 | B16: SGHL15 (Backup) | I16: 2000 | J16: 4000 | L16: 2000 | M16: 4000 | O16: 2400 | P16: 4000 | Q16: 614.484 | R16: 0 | T16: NFV Ericsson | U16: TCHL02 | V16: PEPS_HLC_05/06 | X16: =LEFT(B16,6) -> SGHL15 | AB16: PEPS_HHT_03/04 | AC16: TCHT01 | AD16: =SUMIF($U$5:$V$48,AC16,$L$5:$L$48) -> 11200 | AF16: =SUMIF($U$5:$V$48,AC16,$O$5:$O$48) -> 13000 | AH16: =SUMIF($U$5:$V$48,AC16,$Q$5:$Q$48) -> 9317.759 | AL16: down
A17: =LEFT(B17,6) -> SGHL16 | B17: SGHL16 | L17: 2000 | M17: 4000 | O17: 2400 | P17: 4000 | Q17: 0 | R17: 0 | S17: HNI02 | T17: NFV Ericsson | U17: TCHL04 | V17: PEPS_HLC_07/08 | X17: =LEFT(B17,6) -> SGHL16 | AA17: HCM02 (VHT) | AB17: PEPS_PLM_01/02 | AC17: TCPL04 | AD17: =SUMIF($U$5:$V$48,AC17,$L$5:$L$48) -> 5500 | AE17: =AD17+AD18 -> 10000 | AF17: =SUMIF($U$5:$V$48,AC17,$O$5:$O$48) -> 5500 | AG17: =AF17+AF18 -> 10000 | AH17: =SUMIF($U$5:$V$48,AC17,$Q$5:$Q$48) -> 181.393 | AI17: =SUM(AH15:AH18)-AI15 -> 4199.157 | AJ17: =AI17/(AE17-AD17) -> 0.933146 | AK17: =AI17/(AG17-AF17) -> 0.933146 | AL17: down
A18: =LEFT(B18,6) -> SGHL17 | B18: SGHL17 | L18: 2000 | M18: 4000 | O18: 2400 | P18: 4000 | Q18: 0 | R18: 0 | T18: NFV Ericsson | U18: TCHL04 | V18: PEPS_HLC_07/08 | X18: =LEFT(B18,6) -> SGHL17 | AB18: PEPS_HHT_03/04 | AC18: TCHT10 | AD18: =SUMIF($U$5:$V$48,AC18,$L$5:$L$48) -> 4500 | AF18: =SUMIF($U$5:$V$48,AC18,$O$5:$O$48) -> 4500 | AH18: =SUMIF($U$5:$V$48,AC18,$Q$5:$Q$48) -> 0
A19: =LEFT(B19,6) -> SGHL18 | B19: SGHL18 (Backup) | L19: 2000 | M19: 4000 | O19: 2400 | P19: 4000 | Q19: 0 | R19: 0 | T19: NFV Ericsson | U19: TCHL04 | V19: PEPS_HLC_07/08 | X19: =LEFT(B19,6) -> SGHL18
A20: =LEFT(B20,6) -> SGHL23 | B20: SGHL23 | L20: 3000 | M20: 6000 | O20: 3600 | P20: 6000 | Q20: 0 | R20: 0 | T20: NFV Ericsson | U20: TCHL10 | V20: PEPS_HLC_07/08 | W20: Triển khai Q4/2024 | X20: =LEFT(B20,6) -> SGHL23
A21: =LEFT(B21,6) -> SGHL24 | B21: SGHL24 (backup | L21: 3000 | M21: 6000 | O21: 3600 | P21: 6000 | Q21: 0 | R21: 0 | T21: NFV Ericsson | U21: TCHL10 | V21: PEPS_HLC_07/08 | W21: Triển khai Q4/2024 | X21: =LEFT(B21,6) -> SGHL24
A22: =LEFT(B22,6) -> Total | B22: Total Hanoi | C22: =SUM(C5:C19)-C10 -> 17400 | D22: =SUM(D5:D19)-D10 -> 19200 | E22: =SUM(E5:E19)-E10 -> 149 | F22: =SUM(F5:F19)-F10-F12 -> 24800 | G22: =SUM(G5:G19)-G10-G12 -> 34000 | H22: =SUM(H5:H19)-H10-H12 -> 149 | I22: =SUM(I5:I19)-I10-I12-I16-I19 -> 26800 | J22: =SUM(J5:J19)-J10-J12-J16-J19 -> 38000 | K22: =SUM(K5:K19)-K10-K12-K16-K19 -> 149 | L22: =SUM(L5:L21)-L10-L12-L16-L19-L21 -> 33800 | M22: =SUM(M5:M21)-M10-M12-M16-M19-M21 -> 52000 | N22: =SUM(N5:N21)-N10-N12-N16-N19-N21 -> 149 | X22: =LEFT(B22,6) -> Total
A23: =LEFT(B23,6) -> SGHK01 | B23: SGHK01 (MKVIII) | C23: 2300 | D23: 2200 | E23: 25 | F23: 2300 | G23: 2200 | H23: 25 | I23: 2300 | J23: 2200 | K23: 25 | L23: 2300 | M23: 2300 | N23: 25 | O23: 2600 | P23: 4600 | Q23: 1717.693 | R23: 2102.07 | S23: DNG01 | T23: Native Ericsson | U23: Native02 | V23: PEPS_HKH_01/02 | X23: =LEFT(B23,6) -> SGHK01
A24: =LEFT(B24,6) -> SGHK02 | B24: SGHK02 (MKVIII) | C24: 2300 | D24: 2200 | E24: 25 | F24: 2300 | G24: 2200 | H24: 25 | I24: 2300 | J24: 2200 | K24: 25 | L24: 2300 | M24: 2300 | N24: 25 | O24: 2600 | P24: 4600 | Q24: 1732.817 | R24: 2098.484 | T24: Native Ericsson | U24: Native02 | V24: PEPS_HKH_01/02 | X24: =LEFT(B24,6) -> SGHK02
A25: =LEFT(B25,6) -> SGHK03 | B25: SGHK03 (Backup) | C25: 1750 | D25: 1750 | E25: 20 | F25: 2300 | G25: 2300 | H25: 28 | I25: 2300 | J25: 2300 | K25: 20 | L25: 2300 | M25: 2300 | N25: 20 | O25: 2600 | P25: 4600 | Q25: 1719.53 | R25: 2086.203 | T25: Native Ericsson | U25: Native02 | V25: PEPS_HKH_01/02 | X25: =LEFT(B25,6) -> SGHK03
A26: =LEFT(B26,6) -> SGHK06 | B26: SGHK06 | F26: 2300 | G26: 4600 | I26: 2300 | J26: 4600 | L26: 2300 | M26: 4600 | O26: 2600 | P26: 4600 | Q26: 2027.398 | R26: 2510.437 | T26: NFV Ericsson | U26: TCHK01 | V26: PEPS_HKH_03/04 | X26: =LEFT(B26,6) -> SGHK06
A27: =LEFT(B27,6) -> SGHK14 | B27: SGHK14 | L27: 1500 | M27: 3000 | T27: NFV Ericsson | U27: TCHK03 | V27: PEPS_HKH_03/04 | W27: Triển khai Q4/2024
A28: =LEFT(B28,6) -> SGHK15 | B28: SGHK15 | L28: 1500 | M28: 3000 | T28: NFV Ericsson | U28: TCHK03 | V28: PEPS_HKH_03/04 | W28: Triển khai Q4/2024
A29: =LEFT(B29,6) -> SGHK07 | B29: SGHK07 | I29: 1500 | J29: 3000 | L29: 1500 | M29: 3000 | O29: 1500 | P29: 3000 | Q29: 954.451 | R29: 1194.495 | S29: DNG02 | T29: NFV VHT | U29: TCHK02 | V29: PEPS_HKH_03/04 | X29: =LEFT(B29,6) -> SGHK07
A30: =LEFT(B30,6) -> SGHK08 | B30: SGHK08 | I30: 1500 | J30: 3000 | L30: 1500 | M30: 3000 | O30: 1500 | P30: 3000 | Q30: 681.708 | R30: 853.158 | T30: NFV VHT | U30: TCHK02 | V30: PEPS_HKH_03/04 | X30: =LEFT(B30,6) -> SGHK08
A31: =LEFT(B31,6) -> SGHK09 | B31: SGHK09 (Backup) | I31: 1500 | J31: 3000 | L31: 1500 | M31: 3000 | O31: 1500 | P31: 3000 | Q31: 937.676 | R31: 1173.502 | T31: NFV VHT | U31: TCHK02 | V31: PEPS_HKH_03/04 | X31: =LEFT(B31,6) -> SGHK09
A32: =LEFT(B32,6) -> Total | B32: Total Danang | C32: =SUM(C23:C31)-C25-C31 -> 4600 | D32: =SUM(D23:D31)-D25-D31 -> 4400 | E32: =SUM(E23:E31)-E25-E31 -> 50 | F32: =SUM(F23:F31)-F25-F31 -> 6900 | G32: =SUM(G23:G31)-G25-G31 -> 9000 | H32: =SUM(H23:H31)-H25-H31 -> 50 | I32: =SUM(I23:I31)-I25-I31 -> 9900 | J32: =SUM(J23:J31)-J25-J31 -> 15000 | ... N32: =SUM(N23:N31)-N25-N31 -> 50 | X32: =LEFT(B32,6) -> Total
A33: =LEFT(B33,6) -> SGHT07 | B33: SGHT07 (MKVIII) | C33: 2500 | D33: 2400 | E33: 28 | F33: 2500 | G33: 2400 | H33: 28 | I33: 2500 | J33: 2400 | K33: 28 | L33: 2500 | M33: 2400 | N33: 28 | O33: 2500 | P33: 5000 | Q33: 1180.972 | R33: 1459.57 | S33: HCM01 | T33: Native Ericsson | U33: Native03 | V33: PEPS_HHT_01/02 | X33: =LEFT(B33,6) -> SGHT07
A34: =LEFT(B34,6) -> SGHT08 | B34: SGHT08 (MKVIII) | C34: 2500 | D34: 2400 | E34: 28 | F34: 2500 | G34: 2400 | H34: 28 | I34: 2500 | J34: 2400 | K34: 28 | L34: 2500 | M34: 2400 | N34: 28 | O34: 2500 | P34: 5000 | Q34: 1663.005 | R34: 2153.929 | T34: Native Ericsson | U34: Native03 | V34: PEPS_HHT_01/02 | X34: =LEFT(B34,6) -> SGHT08
A35: =LEFT(B35,6) -> SGHT09 | B35: SGHT09 (MKX) | C35: 3500 | D35: 3300 | E35: 28 | F35: 3500 | G35: 3300 | H35: 28 | I35: 3500 | J35: 3300 | K35: 28 | L35: 3500 | M35: 3300 | N35: 28 | O35: 4000 | P35: 7000 | Q35: 2063.404 | R35: 2620.047 | T35: Native Ericsson | U35: Native03 | V35: PEPS_HHT_01/02 | X35: =LEFT(B35,6) -> SGHT09
A36: =LEFT(B36,6) -> SGHT10 | B36: SGHT10 (MKX) | C36: 3500 | D36: 3300 | E36: 28 | F36: 3500 | G36: 3300 | H36: 28 | I36: 3500 | J36: 3300 | K36: 28 | L36: 3500 | M36: 3300 | N36: 28 | O36: 4000 | P36: 7000 | Q36: 2873.27 | R36: 3663.769 | T36: Native Ericsson | U36: Native03 | V36: PEPS_HHT_01/02 | X36: =LEFT(B36,6) -> SGHT10
A37: =LEFT(B37,6) -> SGHT11 | B37: SGHT11 (Backup) | C37: 2500 | D37: 2500 | E37: 26 | F37: 3400 | G37: 3400 | H37: 26 | I37: 3400 | J37: 3400 | K37: 26 | L37: 3400 | M37: 3400 | N37: 26 | O37: 4000 | P37: 6800 | Q37: 2819.354 | R37: 3615.476 | T37: Native Ericsson | U37: Native03 | V37: PEPS_HHT_01/02 | X37: =LEFT(B37,6) -> SGHT11
A38: =LEFT(B38,6) -> SGHT12 | B38: SGHT12 | C38: 2500 | D38: 5000 | F38: 3400 | G38: 6800 | I38: 3400 | J38: 6800 | L38: 3400 | M38: 6800 | O38: 4000 | P38: 6800 | Q38: 2965.342 | R38: 3867.571 | T38: NFV Ericsson | U38: TCHT01 | V38: PEPS_HHT_03/04 | X38: =LEFT(B38,6) -> SGHT12
A39: =LEFT(B39,6) -> SGHT13 | B39: SGHT13 (Backup) | F39: 3400 | G39: 6800 | I39: 3400 | J39: 6800 | L39: 3400 | M39: 6800 | O39: 4000 | P39: 6800 | Q39: 3061.511 | R39: 3976.897 | T39: NFV Ericsson | U39: TCHT01 | V39: PEPS_HHT_03/04 | X39: =LEFT(B39,6) -> SGHT13
A40: =LEFT(B40,6) -> SGHT14 | B40: SGHT14 | F40: 3400 | G40: 6800 | I40: 3400 | J40: 6800 | L40: 3400 | M40: 6800 | O40: 4000 | P40: 6800 | Q40: 3110.197 | R40: 4037.528 | T40: NFV Ericsson | U40: TCHT01 | V40: PEPS_HHT_03/04 | X40: =LEFT(B40,6) -> SGHT14
A41: =LEFT(B41,6) -> SGHT15 | B41: SGHT15 | I41: 1000 | J41: 2000 | L41: 1000 | M41: 2000 | O41: 1000 | P41: 2000 | Q41: 180.709 | R41: 237.608 | T41: NFV Ericsson | U41: TCHT01 | V41: PEPS_HHT_03/04 | X41: =LEFT(B41,6) -> SGHT15
A42: =LEFT(B42,6) -> SGPL01 | B42: SGPL01 | L42: 1500 | M42: 3000 | O42: 1500 | P42: 3000 | Q42: 45.456 | R42: 56.888 | S42: HCM02 | T42: NFV VHT | U42: TCPL04 | V42: PEPS_PLM_01/02 | X42: =LEFT(B42,6) -> SGPL01
A43: =LEFT(B43,6) -> SGPL02 | B43: SGPL02 | L43: 1500 | M43: 3000 | O43: 1500 | P43: 3000 | Q43: 45.362 | R43: 56.772 | T43: NFV VHT | U43: TCPL04 | V43: PEPS_PLM_01/02 | X43: =LEFT(B43,6) -> SGPL02
A44: =LEFT(B44,6) -> SGPL03 | B44: SGPL03 | L44: 1000 | M44: 2000 | O44: 1000 | P44: 2000 | Q44: 45.33 | R44: 56.731 | T44: NFV VHT | U44: TCPL04 | V44: PEPS_PLM_01/02 | X44: =LEFT(B44,6) -> SGPL03
A45: =LEFT(B45,6) -> SGPL04 | B45: SGPL04 (Backup) | L45: 1500 | M45: 3000 | O45: 1500 | P45: 3000 | Q45: 45.245 | R45: 56.624 | T45: NFV VHT | U45: TCPL04 | V45: PEPS_PLM_01/02 | X45: =LEFT(B45,6) -> SGPL04
A46: =LEFT(B46,6) -> SGHT16 | B46: SGHT16 | L46: 1500 | M46: 3000 | O46: 1500 | P46: 3000 | Q46: 0 | R46: 0 | T46: NFV VHT | U46: TCHT10 | V46: PEPS_HHT_03/04 | W46: Triển khai Q4/2024 | X46: =LEFT(B46,6) -> SGHT16
A47: =LEFT(B47,6) -> SGHT17 | B47: SGHT17 | L47: 1500 | M47: 3000 | O47: 1500 | P47: 3000 | Q47: 0 | R47: 0 | T47: NFV VHT | U47: TCHT10 | V47: PEPS_HHT_03/04 | W47: Triển khai Q4/2024 | X47: =LEFT(B47,6) -> SGHT17
A48: =LEFT(B48,6) -> SGHT18 | B48: SGHT18 (Backup) | L48: 1500 | M48: 3000 | O48: 1500 | P48: 3000 | T48: NFV VHT | U48: TCHT10 | V48: PEPS_HHT_03/04 | W48: Triển khai Q4/2024 | X48: =LEFT(B48,6) -> SGHT18
A49: Total Hochiminh | B49: Total Hochiminh | C49: =SUM(C33:C41)-C37-C39 -> 14500 | D49: =SUM(D33:D41)-D37-D39 -> 16400 | E49: =SUM(E33:E41)-E37-E39 -> 112 | F49: =SUM(F33:F41)-F37-F39 -> 18800 | G49: =SUM(G33:G41)-G37-G39 -> 25000 | H49: =SUM(H33:H41)-H37-H39 -> 112 | I49: =SUM(I33:I45)-I37-I39-I45 -> 19800 | J49: =SUM(J33:J45)-J37-J39-J45 -> 27000 | K49: =SUM(K33:K45)-K37-K39-K45 -> 112 | L49: =SUM(L33:L48)-L37-L39-L45-L48 -> 26800 | M49: =SUM(M33:M48)-M37-M39-M45-M48 -> 41000 | N49: =SUM(N33:N48)-N37-N39-N45-N48 -> 112
A50: TOTAL | B50: TOTAL | C50: =C22+C32+C49 -> 36500 | D50: =D22+D32+D49 -> 40000 | E50: =E22+E32+E49 -> 311 | F50: =F22+F32+F49 -> 50500 | G50: =G22+G32+G49 -> 68000 | H50: =H22+H32+H49 -> 311 | I50: =I22+I32+I49 -> 56500 | J50: =J22+J32+J49 -> 80000 | ... N50: =N22+N32+N49 -> 311
A51: Delta | B51: Delta | F51: =F50-C50 -> 14000 | G51: =G50-D50 -> 28000 | I51: =I50-F50 -> 6000 | J51: =J50-G50 -> 12000 | L51: =L50-I50 -> 17000 | M51: =M50-J50 -> 34200
A53: VIM dự phòng Hanoi | B53: VIM dự phòng Hanoi | D53: =SUM(D19:D24) -> 23600 | E53: =SUM(E19:E24) -> 199 | F53: =SUM(F19:F24) -> 29400 | G53: =SUM(G19:G24) -> 38400 | H53: =SUM(H19:H24) -> 199 | L53: KSAU | M53: KBearer | N53: KPPS
A54: =LEFT(B54,6) -> SGHK10 | B54: SGHK10 (Backup) | L54: 1500 | M54: 3000 | T54: NFV VHT | U54: DNG-TCHK06 | V54: PEPS_HKH_03/04 | W54: Triển khai Q4/2024 | X54: HNI
A55: =LEFT(B55,6) -> SGHK11 | B55: SGHK11 (Backup) | L55: 1500 | M55: 3000 | T55: NFV VHT | U55: DNG-TCHK06 | V55: PEPS_HKH_03/04 | W55: Triển khai Q4/2024
A56: =LEFT(B56,6) -> SGHK12 | B56: SGHK12 (Backup) | L56: 1500 | M56: 3000 | T56: NFV VHT | U56: DNG-TCHK07 | V56: PEPS_HKH_03/04 | W56: Triển khai Q4/2024
A57: =LEFT(B57,6) -> SGHK13 | B57: SGHK13 (Backup) | L57: 1500 | M57: 3000 | T57: NFV VHT | U57: DNG-TCHK07 | V57: PEPS_HKH_03/04 | W57: Triển khai Q4/2024
A58: =LEFT(B58,6) -> Total | B58: Total VIM dự phòng | D58: =SUM(D23:D30) -> 6150 | E58: =SUM(E23:E30) -> 70 | F58: =SUM(F23:F30) -> 9200 | G58: =SUM(G23:G30) -> 11300 | H58: =SUM(H23:H30) -> 78 | L58: =SUM(L54:L57) -> 6000 | M58: =SUM(M54:M57) -> 12000
A59: =LEFT(B59,6)
A60: =LEFT(B60,6) | I60: Vendor | J60: KV1 | K60: KV2 | L60: KV3 | M60: Total
A61: =LEFT(B61,6) -> Dung l | B61: Dung lượng license (SAU) | M61: =SUM(M62:M63) -> 73500
A62: =LEFT(B62,6) | I62: Ericsson | J62: =L22 -> 33800 | K62: =L32-L29-L30 -> 9900 | L62: =L49-L42-L43-L44-L46-L47 -> 19800 | M62: =SUM(J62:L62) -> 63500
A63: =LEFT(B63,6) | I63: VHT | K63: =L29+L30 -> 3000 | L63: =L42+L43+L44+L46+L47 -> 7000 | M63: =SUM(J63:L63) -> 10000
A64: =LEFT(B64,6) -> Dung l | B64: Dung lượng backup (SAU) | M64: =SUM(M65:M66) -> 33200
A65: =LEFT(B65,6) | I65: Ericsson | J65: =L10+L12+L16+L19+L21 -> 13600 | K65: =L25 -> 2300 | L65: =L37+L39 -> 6800 | M65: =SUM(J65:L65) -> 22700
A66: =LEFT(B66,6) | I66: VHT | K66: =L31+L58 -> 7500 | L66: =L45+L48 -> 3000 | M66: =SUM(J66:L66) -> 10500
A67: =LEFT(B67,6)
A68: =LEFT(B68,6) | I68: Vendor | J68: KV1 | K68: KV2 | L68: KV3 | M68: Total
A69: =LEFT(B69,6) -> Dung l | B69: Dung lượng với backup tối thiểu N+1 theo khu vực (SAU) | M69: =SUM(M70:M71) -> 94700
A70: =LEFT(B70,6) | I70: Ericsson | J70: =J62+L12+L16+L19+L21 -> 44100 | K70: =K62 -> 9900 | L70: =L62+L37 -> 23200 | M70: =SUM(J70:L70) -> 77200
A71: =LEFT(B71,6) | I71: VHT | K71: =K63+L58 -> 9000 | L71: =L63+L48 -> 8500 | M71: =SUM(J71:L71) -> 17500
A72: =LEFT(B72,6) -> Dung l | B72: Dung lượng với backup còn lại (SAU) | M72: =SUM(M73:M74) -> 12000
I73: Ericsson | J73: =L10 -> 3300 | K73: =L25 -> 2300 | L73: =L39 -> 3400 | M73: =SUM(J73:L73) -> 9000
I74: VHT | K74: =L31 -> 1500 | L74: =L45 -> 1500 | M74: =SUM(J74:L74) -> 3000

Sheet GGSN-Lic
A1: Node Name | B1: Node Name | C1: 2016 | F1: Phase 1 (2016) | I1: Phase 2 and swap 2G (2017) | L1: ( Q4-2018) | O1: Current License ( Q1-2020) | R1: Existing | U1: Ordering | X1: Existing Board (PPB/SSC3) | Y1: Added Board | Z1: Targeted Board | AA1: Card Requirement | AB1: Node type | AC1: Remark/SW version | AD1: OSS/ENM | AE1: CPB/PPB | AG1: Target Q4/2021 | AI1: Targeted (Q4-2023) | AK1: Targeted (Q4-2024) | AM1: Vendor | AN1: TCC | AO1: PE-PS | AP1: CGNAT | AR1: KV | AS1: PE-PS/PE-DĐ | AT1: MME | AV1: GGSN/PGW | AX1: IMS | AZ1: % SAU | BA1: % Gbps | BB1: % IMS | BC1: Ghi chú
C2: KSAU | D2: KBearer | E2: Gbps | F2: KSAU | G2: KBearer | H2: Gbps | I2: KSAU | J2: KBearer | K2: Gbps | L2: KSAU | M2: KBearer | N2: Gbps | O2: KSAU | P2: KBearer | Q2: Gbps | R2: KSAU | S2: KBearer | T2: Gbps | U2: KBearer | V2: Gbps | AG2: KBearer | AH2: Gbps | AI2: KBearer | AJ2: Gbps | AK2: KBearer | AL2: Gbps | AT2: Số node | AU2: kSAU | AV2: Số node | AW2: Gbps | AX2: Số node | AY2: ksub
A3: =LEFT(B3,6) -> GGHL04 | B3: GGHL04 | D3: 2000 | E3: 60 | G3: 2000 | H3: 60 | J3: 2000 | K3: 60 | M3: 1500 | N3: 60 | P3: 1500 | Q3: 60 | S3: 1500 | T3: 60 | AG3: 1500 | AH3: 60 | AI3: 1500 | AJ3: 60 | AK3: 1500 | AL3: 60 | AM3: Native Ericsson | AN3: N/A | AO3: PEPS_HLC_03/04 | AP3: FWHL03/04 (120 Gbps) | AQ3: Cắt sang CGNATHL01/02 | AR3: KV1 | AS3: PEPS_HLC_03/04 | AT3: 2 | AU3: 5000 | AV3: 2 | AW3: 120 | AZ3: =AU3/$AU$14 -> 0.048216008 | BA3: =AW3/$AW$14 -> 0.014035088 | BB3: =AY3/$AY$14 -> 0
A4: =LEFT(B4,6) -> GGHL05 | B4: GGHL05 | D4: 2000 | E4: 60 | G4: 2000 | H4: 60 | J4: 2000 | K4: 60 | M4: 1500 | N4: 60 | P4: 1500 | Q4: 60 | S4: 1500 | T4: 60 | AG4: 1500 | AH4: 60 | AI4: 1500 | AJ4: 60 | AK4: 1500 | AL4: 60 | AM4: Native Ericsson | AN4: N/A | AO4: PEPS_HLC_03/04 | AP4: FWHL03/04 (120 Gbps) | AQ4: Cắt sang CGNATHL01/02 | AS4: PEDĐ_HLC_05/06 | AT4: 4 | AU4: 13200 | AV4: 7 | AW4: 760 | AZ4: =AU4/$AU$14 -> 0.12729026 | BA4: =AW4/$AW$14 -> 0.088888889 | BB4: =AY4/$AY$14 -> 0
A5: =LEFT(B5,6) -> GGHL06 | B5: GGHL06 | G5: 1250 | H5: 40 | J5: 1500 | K5: 60 | M5: 1500 | N5: 60 | P5: 1500 | Q5: 60 | S5: 1500 | T5: 60 | AG5: 1500 | AH5: 60 | AI5: 1500 | AJ5: 60 | AK5: 1500 | AL5: 60 | AM5: Native Ericsson | AN5: N/A | AO5: PEDĐ_HLC_05/06 | AP5: CGNATHL01/02 (416 Gbps) | AS5: PEPS_HLC_05/06 | AT5: 6 | AU5: 17200 | AV5: 8 | AW5: 1200 | AX5: =1+2 -> 3 | AY5: =3000+10000 -> 13000 | AZ5: =AU5/$AU$14 -> 0.16586307 | BA5: =AW5/$AW$14 -> 0.14035088 | BB5: =AY5/$AY$14 -> 0.26804124 | BC5: Gồm VIM dự phòng 5M sub VHT
A6: =LEFT(B6,6) -> GGHL07 | B6: GGHL07 | G6: 1250 | H6: 40 | J6: 1500 | K6: 60 | M6: 1500 | N6: 60 | P6: 1500 | Q6: 60 | S6: 1500 | T6: 60 | AG6: 1500 | AH6: 60 | AI6: 1500 | AJ6: 60 | AK6: 1500 | AL6: 60 | AM6: Native Ericsson | AN6: N/A | AO6: PEDĐ_HLC_05/06 | AP6: CGNATHL15/16 (450 Gbps) | AS6: PEPS_HLC_07/08 | AT6: 5 | AU6: 12000 | AV6: 8 | AW6: 1100 | AX6: 2 | AY6: =2*2500 -> 5000 | AZ6: =AU6/$AU$14 -> 0.11571842 | BA6: =AW6/$AW$14 -> 0.12865497 | BB6: =AY6/$AY$14 -> 0.10309278
A7: =LEFT(B7,6) -> GGHL08 | B7: GGHL08 | J7: 1500 | K7: 50 | M7: 2000 | N7: 80 | P7: 2250 | Q7: 100 | S7: 2700 | T7: 130 | U7: =S7-P7 -> 450 | V7: =T7-Q7 -> 30 | X7: 8 | Y7: =Z7-X7 -> 2 | Z7: =_xlfn.CEILING.MATH(T7/15)+1 -> 10 | AA7: =_xlfn.CEILING.MATH(T7/15) +1 -> 10 | AB7: Expansion | AC7: EPG 1.10 | AD7: OSS | AE7: 3 SSC1 + 8 SSC3 | AG7: 2800 | AH7: 135 | AI7: 2800 | AJ7: 135 | AK7: 2800 | AL7: 135 | AM7: Native Ericsson | AN7: N/A | AO7: PEDĐ_HLC_05/06 | AP7: CGNATHL15/16 (450 Gbps) | AS7: PEPS_PDL_01/02 | AT7: 0 | AU7: 0 | AV7: 4 | AW7: 550 | AX7: 4 | AY7: =4*2500 -> 10000 | AZ7: =AU7/$AU$14 -> 0 | BA7: =AW7/$AW$14 -> 0.064327485 | BB7: =AY7/$AY$14 -> 0.20618557
A8: =LEFT(B8,6) -> GGHL09 | B8: GGHL09 | J8: 1500 | K8: 50 | M8: 2000 | N8: 80 | P8: 2250 | Q8: 100 | S8: 2700 | T8: 130 | U8: =S8-P8 -> 450 | V8: =T8-Q8 -> 30 | X8: 8 | Y8: =Z8-X8 -> 2 | Z8: =_xlfn.CEILING.MATH(T8/15)+1 -> 10 | AA8: =_xlfn.CEILING.MATH(T8/15) +1 -> 10 | AB8: Expansion | AC8: EPG 1.10 | AD8: OSS | AE8: 3 SSC1 + 8 SSC3 | AG8: 2800 | AH8: 135 | AI8: 2800 | AJ8: 135 | AK8: 2800 | AL8: 135 | AM8: Native Ericsson | AN8: N/A | AO8: PEDĐ_HLC_05/06 | AP8: CGNATHL15/16 (450 Gbps) | AR8: KV2 | AS8: PEPS_HKH_01/02 | AT8: 3 | AU8: 6900 | AV8: 2 | AW8: 120 | AZ8: =AU8/$AU$14 -> 0.066538091 | BA8: =AW8/$AW$14 -> 0.014035088 | BB8: =AY8/$AY$14 -> 0
A9: =LEFT(B9,6) -> GGHL10 | B9: GGHL10 (Backup) | J9: 2000 | K9: 60 | M9: 2000 | N9: 80 | P9: 2000 | Q9: 80 | S9: 2500 | T9: 80 | V9: =T9-Q9 -> 0 | AA9: =_xlfn.CEILING.MATH(T9/15) +1 -> 7 | AC9: HW Only/EPG 2.x ( this node was upraded for 5G trial and still used OSS) | AG9: 2900 | AH9: 100 | AI9: 2900 | AJ9: 100 | AK9: 2900 | AL9: 100 | AM9: Native Ericsson | AN9: N/A | AO9: PEDĐ_HLC_05/06 | AP9: CGNATHL15/16 (450 Gbps) | AS9: PEDĐ_HKH_03/04 | AT9: 0 | AU9: 0 | AV9: 2 | AW9: 160 | AZ9: =AU9/$AU$14 -> 0 | BA9: =AW9/$AW$14 -> 0.01871345 | BB9: =AY9/$AY$14 -> 0
A10: =LEFT(B10,6) -> GGHL11 | B10: GGHL11 | P10: 1700 | Q10: 80 | S10: 2700 | T10: 130 | U10: =S10-P10 -> 1000 | V10: =T10-Q10 -> 50 | X10: 7 | Y10: =Z10-X10 -> 3 | Z10: =_xlfn.CEILING.MATH(T10/15)+1 -> 10 | AA10: =_xlfn.CEILING.MATH(T10/15) +1 -> 10 | AB10: Expansion | AC10: EPG 2.x | AD10: ENM | AE10: 9 SSC3 (2+7) | AG10: 2800 | AH10: 135 | AI10: 2800 | AJ10: 135 | AK10: 2800 | AL10: 135 | AM10: Native Ericsson | AN10: N/A | AO10: PEDĐ_HLC_05/06 | AP10: CGNATHL01/02 (416 Gbps) | AS10: PEPS_HKH_03/04 | AT10: 8 | AU10: 12800 | AV10: 13 | AW10: 1920 | AZ10: =AU10/$AU$14 -> 0.12343298 | BA10: =AW10/$AW$14 -> 0.2245614 | BB10: =AY10/$AY$14 -> 0 | BC10: Gồm VIM dự phòng 4 GGSN, 4 MME VHT
A11: =LEFT(B11,6) -> GGHL12 | B11: GGHL12 | P11: 1700 | Q11: 80 | S11: 2700 | T11: 130 | U11: =S11-P11 -> 1000 | V11: =T11-Q11 -> 50 | X11: 7 | Y11: =Z11-X11 -> 3 | Z11: =_xlfn.CEILING.MATH(T11/15)+1 -> 10 | AA11: =_xlfn.CEILING.MATH(T11/15) +1 -> 10 | AB11: Expansion | AC11: EPG 2.x | AD11: ENM | AE11: 9 SSC3 (2+7) | AG11: 2800 | AH11: 135 | AI11: 2800 | AJ11: 135 | AK11: 2800 | AL11: 135 | AM11: Native Ericsson | AN11: N/A | AO11: PEDĐ_HLC_05/06 | AP11: CGNATHL01/02 (416 Gbps) | AR11: KV3 | AS11: PEPS_HHT_01/02 | AT11: 5 | AU11: 15400 | AV11: 7 | AW11: 620 | AZ11: =AU11/$AU$14 -> 0.1485053 | BA11: =AW11/$AW$14 -> 0.07251462 | BB11: =AY11/$AY$14 -> 0
A12: =LEFT(B12,6) -> GGHL13 | B12: GGHL13 | AG12: 4000 | AH12: 150 | AI12: 4000 | AJ12: 150 | AK12: 4000 | AL12: 150 | AM12: NFV Ericsson | AN12: TCHL01 | AO12: PEPS_HLC_05/06 | AP12: CGNATHL11/12 (450 Gbps) | AS12: PEPS_HHT_03/04 | AT12: 7 | AU12: 15700 | AV12: 11 | AW12: 1450 | AX12: 5 | AY12: =3000+5000+3*2500 -> 15500 | AZ12: =AU12/$AU$14 -> 0.15139826 | BA12: =AW12/$AW$14 -> 0.16959064 | BB12: =AY12/$AY$14 -> 0.31958763
A13: =LEFT(B13,6) -> GGHL14 | B13: GGHL14 | AG13: 4000 | AH13: 150 | AI13: 4000 | AJ13: 150 | AK13: 4000 | AL13: 150 | AM13: NFV Ericsson | AN13: TCHL01 | AO13: PEPS_HLC_05/06 | AP13: CGNATHL07/08 (416 Gbps) | AS13: PEPS_PLM_01/02 | AT13: 4 | AU13: 5500 | AV13: 4 | AW13: 550 | AX13: 2 | AY13: =2*2500 -> 5000 | AZ13: =AU13/$AU$14 -> 0.053037608 | BA13: =AW13/$AW$14 -> 0.064327485 | BB13: =AY13/$AY$14 -> 0.10309278
A14: =LEFT(B14,6) -> GGHL15 | B14: GGHL15 | AG14: 4000 | AH14: 150 | AI14: 4000 | AJ14: 150 | AK14: 4000 | AL14: 150 | AM14: NFV Ericsson | AN14: TCHL02 | AO14: PEPS_HLC_05/06 | AP14: CGNATHL09/10 (416 Gbps) | AR14: SUM | AT14: =SUM(AT3:AT13) -> 44 | AU14: =SUM(AU3:AU13) -> 103700 | AV14: =SUM(AV3:AV13) -> 68 | AW14: =SUM(AW3:AW13) -> 8550 | AX14: =SUM(AX3:AX13) -> 16 | AY14: =SUM(AY3:AY13) -> 48500 | AZ14: =AU14/$AU$14 -> 1 | BA14: =AW14/$AW$14 -> 1 | BB14: =AY14/$AY$14 -> 1
A15: =LEFT(B15,6) -> GGHL16 | B15: GGHL16 (Backup) | AG15: 4000 | AH15: 150 | AI15: 4000 | AJ15: 150 | AK15: 4000 | AL15: 150 | AM15: NFV Ericsson | AN15: TCHL02 | AO15: PEPS_HLC_05/06 | AP15: CGNATHL11/12 (450 Gbps)
A16: =LEFT(B16,6) -> GGHL17 | B16: GGHL17 | AG16: 4000 | AH16: 150 | AI16: 4000 | AJ16: 150 | AK16: 4000 | AL16: 150 | AM16: NFV Ericsson | AN16: TCHL01 | AO16: PEPS_HLC_05/06 | AP16: CGNATHL07/08 (416 Gbps) | AX16: Capacity | AY16: Redundancy | AZ16: Capacity expansion | BA16: Redundancy expansion
A17: =LEFT(B17,6) -> GGHL18 | B17: GGHL18 | AG17: 4000 | AH17: 150 | AI17: 4000 | AJ17: 150 | AK17: 4000 | AL17: 150 | AM17: NFV Ericsson | AN17: TCHL01 | AO17: PEPS_HLC_05/06 | AP17: CGNATHL07/08 (416 Gbps) | AW17: IMS Eric | AX17: 16000 | AY17: 2500 | AZ17: 10000 | BA17: 2500 | BB17: =AX17+AZ17 -> 26000 | BC17: =AY17+BA17 -> 5000
A18: =LEFT(B18,6) -> GGHL25 | B18: GGHL25 | AG18: 4000 | AH18: 150 | AI18: 4000 | AJ18: 150 | AK18: 4000 | AL18: 150 | AM18: NFV Ericsson | AN18: TCHL02 | AO18: PEPS_HLC_05/06 | AP18: CGNATHL09/10 (416 Gbps) | AW18: IMS VHT | AX18: 25000 | AY18: =5000 -> 5000 | AZ18: 15000 | BA18: =5000 -> 5000 | BB18: =AX18+AZ18 -> 40000 | BC18: =AY18+BA18 -> 10000
A19: =LEFT(B19,6) -> GGHL26 | B19: GGHL26 | AI19: 4000 | AJ19: 150 | AK19: 4000 | AL19: 150 | AM19: NFV Ericsson | AN19: TCHL02 | AO19: PEPS_HLC_05/06 | AP19: CGNATHL09/10 (416 Gbps) | AW19: Total | AX19: =AX17+AX18 -> 41000 | AY19: =AY17+AY18 -> 7500 | AZ19: =AZ17+AZ18 -> 25000 | BA19: =BA17+BA18 -> 7500 | BB19: =AX19+AZ19 -> 66000 | BC19: =AY19+BA19 -> 15000
A20: =LEFT(B20,6) -> GGHL27 | B20: GGHL27 | AK20: 3500 | AL20: 100 | AM20: NFV Ericsson | AN20: TCHL04 | AO20: PEPS_HLC_07/08 | AP20: CGNATHL13/14 (750 Gbps)
A21: =LEFT(B21,6) -> GGHL28 | B21: GGHL28 | AK21: 3500 | AL21: 100 | AM21: NFV Ericsson | AN21: TCHL04 | AO21: PEPS_HLC_07/08 | AP21: CGNATHL13/14 (750 Gbps) | AW21: 2024 | AX21: SAU | AY21: Mbps | AZ21: IMS
A22: =LEFT(B22,6) -> GGHL29 | B22: GGHL29 | AK22: 4500 | AL22: 150 | AM22: NFV Ericsson | AN22: TCHL04 | AO22: PEPS_HLC_07/08 | AP22: CGNATHL13/14 (750 Gbps) | AW22: HLC | AX22: ='[11]SGSN-MME'!K22 -> 33800 | AY22: =AL32-AL24-AL25-AL26 -> 2630 | AZ22: =AY5+AY6-7500 -> 10500
A23: =LEFT(B23,6) -> GGHL30 | B23: GGHL30 (Backup) | AK23: 4500 | AL23: 150 | AM23: NFV Ericsson | AN23: TCHL04 | AO23: PEPS_HLC_07/08 | AP23: CGNATHL13/14 (750 Gbps) | AW23: Total | AX23: ='[11]SGSN-MME'!K50 -> 73500 | AY23: =AL70 -> 6090 | AZ23: =AY14-AY19 -> 41000
A24: =LEFT(B24,6) -> GGPD04 | B24: GGPD04 | AK24: 4500 | AL24: 150 | AM24: NFV VHT | AN24: TCPD07 | AO24: PEPS_PDL_01/02 | AP24: CGNATPD01/02 (600 Gbps) | AW24: % HLC | AX24: =AX22/AX23 -> 0.45986395 | AY24: =AY22/AY23 -> 0.4318555 | AZ24: =AZ22/AZ23 -> 0.25609756
A25: =LEFT(B25,6) -> GGPD05 | B25: GGPD05 | AK25: 4500 | AL25: 150 | AM25: NFV VHT | AN25: TCPD07 | AO25: PEPS_PDL_01/02 | AP25: CGNATPD01/02 (600 Gbps)
A26: =LEFT(B26,6) -> GGPD06 | B26: GGPD06 | AK26: 3500 | AL26: 100 | AM26: NFV VHT | AN26: TCPD07 | AO26: PEPS_PDL_01/02 | AP26: CGNATPD01/02 (600 Gbps) | AW26: 2026 | AX26: SAU | AY26: Mbps
A27: =LEFT(B27,6) -> GGPD07 | B27: GGPD07 (Backup) | AK27: 4500 | AL27: 150 | AM27: NFV VHT | AN27: TCPD07 | AO27: PEPS_PDL_01/02 | AP27: CGNATPD01/02 (600 Gbps) | AW27: HLC | AX27: =AX22-'[11]SGSN-MME'!K7-'[11]SGSN-MME'!K8-'[11]SGSN-MME'!K9 -> 23900 | AY27: =AY22-AL3-AL4-AL5-AL6-AL7-AL8 -> 2120 | AZ27: =AY22-AY27 -> 510
A28: =LEFT(B28,6) -> GGHL31 | B28: GGHL31 | AK28: 4500 | AL28: 150 | AM28: NFV Ericsson | AN28: TCHL10 | AO28: PEPS_HLC_07/08 | AP28: CGNATHL13/14 (750 Gbps) | AQ28: Triển khai Q4/2024 | AW28: Total | AX28: =AX23+5000 -> 78500 | AY28: =AY23+750 -> 6840
A29: =LEFT(B29,6) -> GGHL32 | B29: GGHL32 | AK29: 4500 | AL29: 150 | AM29: NFV Ericsson | AN29: TCHL10 | AO29: PEPS_HLC_07/08 | AP29: CGNATHL13/14 (750 Gbps) | AQ29: Triển khai Q4/2024 | AW29: % HLC | AX29: =AX27/AX28 -> 0.3044586 | AY29: =AY27/AY28 -> 0.30994152
A30: =LEFT(B30,6) -> GGHL33 | B30: GGHL33 | AK30: 4500 | AL30: 150 | AM30: NFV Ericsson | AN30: TCHL10 | AO30: PEPS_HLC_07/08 | AP30: CGNATHL13/14 (750 Gbps) | AQ30: Triển khai Q4/2024 | AW30: Note | AX30: Tăng 5M 5G | AY30: Tăng 750G 5G
A31: =LEFT(B31,6) -> GGHL34 | B31: GGHL34 (Backup) | AK31: 4500 | AL31: 150 | AM31: NFV Ericsson | AN31: TCHL10 | AO31: PEPS_HLC_07/08 | AP31: CGNATHL13/14 (750 Gbps) | AQ31: Triển khai Q4/2024
A32: =LEFT(B32,6) -> Total | B32: Total Hanoi | D32: =SUM(D3:D8) -> 4000 | E32: =SUM(E3:E8) -> 120 | F32: =SUM(F3:F8) -> 0 | G32: =SUM(G3:G8) -> 6500 | H32: =SUM(H3:H8) -> 200 | I32: =SUM(I3:I8) -> 0 | J32: =SUM(J3:J8) -> 10000 | K32: =SUM(K3:K8) -> 340 | ... O32: =SUM(O3:O8) -> 0 | P32: =SUM(P3:P11) -> 15900 | Q32: =SUM(Q3:Q11) -> 680 | R32: =SUM(R3:R8) -> 0 | S32: =SUM(S3:S11) -> 19300 | T32: =SUM(T3:T11) -> 840 | AG32: =SUM(AG3:AG22)-AG9-AG15 -> 41200 | AH32: =SUM(AH3:AH22)-AH9-AH15 -> 1680 | AI32: =SUM(AI3:AI27)-AI9-AI15-AI23-AI27 -> 45200 | AJ32: =SUM(AJ3:AJ27)-AJ9-AJ15-AJ23-AJ27 -> 1830 | AK32: =SUM(AK3:AK31)-AK9-AK15-AK23-AK27-AK31 -> 82700 | AL32: =SUM(AL3:AL31)-AL9-AL15-AL23-AL27-AL31 -> 3030
A33: =LEFT(B33,6) -> GGHK01 | B33: GGHK01 | D33: 1000 | E33: 20 | G33: 1500 | H33: 35 | J33: 1750 | K33: 50 | M33: 1750 | N33: 60 | P33: 1500 | Q33: 60 | S33: 1500 | T33: 60 | U33: =S33-P33 -> 0 | V33: =T33-Q33 -> 0 | Y33: =Z33-X33 -> 0 | AA33: =_xlfn.CEILING.MATH(T33/15) +1 -> 5 | AC33: Move 250K PDP to GGHL08 | AG33: 1500 | AH33: 60 | AI33: 1500 | AJ33: 60 | AK33: 1500 | AL33: 60 | AM33: Native Ericsson | AN33: N/A | AO33: PEPS_HKH_01/02 | AP33: FWHK01/02 (120 Gbps) | AQ33: Cắt sang CGNATHK01/02
A34: =LEFT(B34,6) -> GGHK02 | B34: GGHK02 | D34: 1000 | E34: 20 | G34: 1500 | H34: 35 | J34: 1750 | K34: 50 | M34: 1750 | N34: 60 | P34: 1500 | Q34: 60 | S34: 1500 | T34: 60 | U34: =S34-P34 -> 0 | V34: =T34-Q34 -> 0 | Y34: =Z34-X34 -> 0 | AA34: =_xlfn.CEILING.MATH(T34/15) +1 -> 5 | AC34: Move 250K PDP to GGHL09 | AG34: 1500 | AH34: 60 | AI34: 1500 | AJ34: 60 | AK34: 1500 | AL34: 60 | AM34: Native Ericsson | AN34: N/A | AO34: PEPS_HKH_01/02 | AP34: FWHK01/02 (120 Gbps) | AQ34: Cắt sang CGNATHK01/02
A35: =LEFT(B35,6) -> GGHK03 | B35: GGHK03 (Backup) | J35: 1750 | K35: 50 | M35: 1750 | N35: 60 | P35: 1750 | Q35: 60 | S35: 1750 | T35: 60 | V35: =T35-Q35 -> 0 | Y35: =Z35-X35 -> 0 | AA35: =_xlfn.CEILING.MATH(T35/15) +1 -> 5 | AC35: HW Only/EPG 1.10 | AG35: 2000 | AH35: 70 | AI35: 2000 | AJ35: 70 | AK35: 2000 | AL35: 70 | AM35: Native Ericsson | AN35: N/A | AO35: PEDĐ_HKH_03/04 | AP35: CGNATHK01/02 (208 Gbps)
A36: =LEFT(B36,6) -> GGHK06 | B36: GGHK06 | P36: 1600 | Q36: 80 | S36: 1800 | T36: 90 | U36: =S36-P36 -> 200 | V36: =T36-Q36 -> 10 | X36: 7 | Y36: =Z36-X36 -> 0 | Z36: =_xlfn.CEILING.MATH(T36/15)+1 -> 7 | AA36: =_xlfn.CEILING.MATH(T36/15) +1 -> 7 | AB36: Expansion | AC36: EPG 2.x | AD36: ENM | AE36: 9 SSC3 (2+7) | AG36: 1800 | AH36: 90 | AI36: 1800 | AJ36: 90 | AK36: 1800 | AL36: 90 | AM36: Native Ericsson | AN36: N/A | AO36: PEDĐ_HKH_03/04 | AP36: CGNATHK01/02 (208 Gbps)
A37: =LEFT(B37,6) -> GGHK07 | B37: GGHK07 | AG37: 4000 | AH37: 150 | AI37: 4000 | AJ37: 150 | AK37: 4000 | AL37: 150 | AM37: NFV Ericsson | AN37: TCHK01 | AO37: PEPS_HKH_03/04 | AP37: CGNATHK03/04 (260 Gbps)
A38: =LEFT(B38,6) -> GGHK08 | B38: GGHK08 (Backup) | AG38: 4000 | AH38: 150 | AI38: 4000 | AJ38: 150 | AK38: 4000 | AL38: 150 | AM38: NFV Ericsson | AN38: TCHK01 | AO38: PEPS_HKH_03/04 | AP38: CGNATHK03/04 (260 Gbps)
A39: =LEFT(B39,6) -> GGHK09 | B39: GGHK09 | AG39: 4000 | AH39: 150 | AI39: 4000 | AJ39: 150 | AK39: 4000 | AL39: 150 | AM39: NFV Ericsson | AN39: TCHK01 | AO39: PEPS_HKH_03/04 | AP39: CGNATHK07/08 (600 Gbps)
A40: =LEFT(B40,6) -> GGHK13 | B40: GGHK13 | AK40: 4500 | AL40: 150 | AM40: NFV Ericsson | AN40: TCHK03 | AO40: PEPS_HKH_03/04 | AP40: CGNATHK07/08 (600 Gbps)
A41: =LEFT(B41,6) -> GGHK14 | B41: GGHK14 (Backup) | AK41: 4500 | AL41: 150 | AM41: NFV Ericsson | AN41: TCHK03 | AO41: PEPS_HKH_03/04 | AP41: CGNATHK07/08 (600 Gbps)
A42: =LEFT(B42,6) -> GGHK10 | B42: GGHK10 | AI42: 4000 | AJ42: 150 | AK42: 4000 | AL42: 150 | AM42: NFV VHT | AN42: TCHK02 | AO42: PEPS_HKH_03/04 | AP42: CGNATHK09/10 (600 Gbps)
A43: =LEFT(B43,6) -> GGHK11 | B43: GGHK11 | AI43: 4000 | AJ43: 150 | AK43: 4000 | AL43: 150 | AM43: NFV VHT | AN43: TCHK02 | AO43: PEPS_HKH_03/04 | AP43: CGNATHK09/10 (600 Gbps)
A44: =LEFT(B44,6) -> GGHK12 | B44: GGHK12 (Backup) | AI44: 4000 | AJ44: 150 | AK44: 4000 | AL44: 150 | AM44: NFV VHT | AN44: TCHK02 | AO44: PEPS_HKH_03/04 | AP44: CGNATHK09/10 (600 Gbps)
A45: =LEFT(B45,6) -> GGHK15 | B45: GGHK15 | AK45: 4000 | AL45: 150 | AM45: NFV VHT | AN45: TCHK06 | AO45: PEPS_HKH_03/04 | AP45: CGNATHK07/08 (600 Gbps) | AQ45: Triển khai Q4/2024
A46: =LEFT(B46,6) -> Total | B46: Total Danang | D46: =SUM(D33:D34) -> 2000 | E46: =SUM(E33:E34) -> 40 | F46: =SUM(F33:F34) -> 0 | G46: =SUM(G33:G34) -> 3000 | H46: =SUM(H33:H34) -> 70 | I46: =SUM(I33:I34) -> 0 | J46: =SUM(J33:J34) -> 3500 | K46: =SUM(K33:K34) -> 100 | ... O46: =SUM(O33:O34) -> 0 | P46: =SUM(P33:P36) -> 6350 | Q46: =SUM(Q33:Q36) -> 260 | R46: =SUM(R33:R34) -> 0 | S46: =SUM(S33:S36) -> 6550 | T46: =SUM(T33:T36) -> 270 | AG46: =SUM(AG33:AG44)-AG35-AG38-AG41-AG44 -> 12800 | AH46: =SUM(AH33:AH44)-AH35-AH38-AH41-AH44 -> 510 | AI46: =SUM(AI33:AI44)-AI35-AI38-AI41-AI44 -> 20800 | AJ46: =SUM(AJ33:AJ44)-AJ35-AJ38-AJ41-AJ44 -> 810 | AK46: =SUM(AK33:AK45)-AK35-AK38-AK41-AK44 -> 29300 | AL46: =SUM(AL33:AL45)-AL35-AL38-AL41-AL44 -> 1110
A47: =LEFT(B47,6) -> GGHT07 | B47: GGHT07 | D47: 2000 | E47: 60 | G47: 2000 | H47: 60 | J47: 2000 | K47: 60 | M47: 1500 | N47: 60 | P47: 1500 | Q47: 60 | S47: 1500 | T47: 60 | U47: =S47-P47 -> 0 | V47: =T47-Q47 -> 0 | Y47: =Z47-X47 -> 0 | AA47: =_xlfn.CEILING.MATH(T47/15) +1 -> 5 | AG47: 1500 | AH47: 60 | AI47: 1500 | AJ47: 60 | AK47: 1500 | AL47: 60 | AM47: Native Ericsson | AN47: N/A | AO47: PEPS_HHT_01/02 | AP47: FWHT05/06 (120 Gbps) | AQ47: Cắt sang CGNATHT01/02
A48: =LEFT(B48,6) -> GGHT08 | B48: GGHT08 | D48: 2000 | E48: 60 | G48: 2000 | H48: 60 | J48: 2000 | K48: 60 | M48: 1500 | N48: 60 | P48: 1500 | Q48: 60 | S48: 1500 | T48: 60 | U48: =S48-P48 -> 0 | V48: =T48-Q48 -> 0 | Y48: =Z48-X48 -> 0 | AA48: =_xlfn.CEILING.MATH(T48/15) +1 -> 5 | AG48: 1500 | AH48: 60 | AI48: 1500 | AJ48: 60 | AK48: 1500 | AL48: 60 | AM48: Native Ericsson | AN48: N/A | AO48: PEPS_HHT_01/02 | AP48: FWHT05/06 (120 Gbps) | AQ48: Cắt sang CGNATHT11/12
A49: =LEFT(B49,6) -> GGHT09 | B49: GGHT09 | G49: 1000 | H49: 30 | J49: 1500 | K49: 50 | M49: 1500 | N49: 60 | P49: 1500 | Q49: 60 | S49: 1500 | T49: 60 | U49: =S49-P49 -> 0 | V49: =T49-Q49 -> 0 | Y49: =Z49-X49 -> 0 | AA49: =_xlfn.CEILING.MATH(T49/15) +1 -> 5 | AG49: 1500 | AH49: 60 | AI49: 1500 | AJ49: 60 | AK49: 1500 | AL49: 60 | AM49: Native Ericsson | AN49: N/A | AO49: PEPS_HHT_01/02 | AP49: CGNATHT01/02 (364 Gbps)
A50: =LEFT(B50,6) -> GGHT10 | B50: GGHT10 | G50: 1000 | H50: 30 | J50: 1500 | K50: 50 | M50: 1500 | N50: 60 | P50: 1500 | Q50: 60 | S50: 1500 | T50: 60 | U50: =S50-P50 -> 0 | V50: =T50-Q50 -> 0 | Y50: =Z50-X50 -> 0 | AA50: =_xlfn.CEILING.MATH(T50/15) +1 -> 5 | AG50: 1500 | AH50: 60 | AI50: 1500 | AJ50: 60 | AK50: 1500 | AL50: 60 | AM50: Native Ericsson | AN50: N/A | AO50: PEPS_HHT_01/02 | AP50: CGNATHT11/12 (260 Gbps)
A51: =LEFT(B51,6) -> GGHT11 | B51: GGHT11 | J51: 1500 | K51: 50 | M51: 2500 | N51: 120 | P51: 2500 | Q51: 120 | S51: 2700 | T51: 130 | U51: =S51-P51 -> 200 | V51: =T51-Q51 -> 10 | X51: 9 | Y51: =Z51-X51 -> 1 | Z51: =_xlfn.CEILING.MATH(T51/15)+1 -> 10 | AA51: =_xlfn.CEILING.MATH(T51/15) +1 -> 10 | AB51: Expansion | AC51: EPG 2.x | AD51: ENM | AE51: 3 SSC1 + 9 SSC3 | AG51: 2700 | AH51: 130 | AI51: 2700 | AJ51: 130 | AK51: 2700 | AL51: 130 | AM51: Native Ericsson | AN51: N/A | AO51: PEPS_HHT_01/02 | AP51: CGNATHT11/12 (260 Gbps)
A52: =LEFT(B52,6) -> GGHT12 | B52: GGHT12 (Backup) | J52: 2000 | K52: 60 | M52: 2500 | N52: 120 | P52: 2500 | Q52: 120 | S52: 2500 | T52: 120 | U52: =S52-P52 -> 0 | V52: =T52-Q52 -> 0 | Y52: =Z52-X52 -> 0 | AA52: =_xlfn.CEILING.MATH(T52/15) +1 -> 9 | AC52: Cant expand due to bottle-neck was reached ( 120G on 160G)- Link LAG only support up to 16 link 10G | AG52: 2500 | AH52: 120 | AI52: 2500 | AJ52: 120 | AK52: 2500 | AL52: 120 | AM52: Native Ericsson | AN52: N/A | AO52: PEPS_HHT_01/02 | AP52: CGNATHT01/02 (364 Gbps)
A53: =LEFT(B53,6) -> GGHT13 | B53: GGHT13 | P53: 2500 | Q53: 120 | S53: 2700 | T53: 130 | U53: =S53-P53 -> 200 | V53: =T53-Q53 -> 10 | X53: 9 | Y53: =Z53-X53 -> 1 | Z53: =_xlfn.CEILING.MATH(T53/15)+1 -> 10 | AA53: =_xlfn.CEILING.MATH(T53/15) +1 -> 10 | AB53: Expansion | AC53: EPG 2.x | AD53: ENM | AE53: 11 SSC3 (2+9) | AG53: 2700 | AH53: 130 | AI53: 2700 | AJ53: 130 | AK53: 2700 | AL53: 130 | AM53: Native Ericsson | AN53: N/A | AO53: PEPS_HHT_01/02 | AP53: CGNATHT01/02 (364 Gbps)
A54: =LEFT(B54,6) -> GGHT17 | B54: GGHT17 | AI54: 4000 | AJ54: 150 | AK54: 4000 | AL54: 150 | AM54: NFV Ericsson | AN54: TCHT01 | AO54: PEPS_HHT_03/04 | AP54: CGNATHT09/10 (364 Gbps)
A55: =LEFT(B55,6) -> GGHT19 | B55: GGHT19 | AK55: 4500 | AL55: 150 | AM55: NFV Ericsson | AN55: TCHT01 | AO55: PEPS_HHT_03/04 | AP55: CGNATHT13/14 (600 Gbps)
A56: =LEFT(B56,6) -> GGHT20 | B56: GGHT20 | AK56: 4500 | AL56: 150 | AM56: NFV Ericsson | AN56: TCHT01 | AO56: PEPS_HHT_03/04 | AP56: CGNATHT13/14 (600 Gbps)
A57: =LEFT(B57,6) -> GGHT21 | B57: GGHT21 (Backup) | AK57: 4500 | AL57: 150 | AM57: NFV Ericsson | AN57: TCHT01 | AO57: PEPS_HHT_03/04 | AP57: CGNATHT13/14 (600 Gbps)
A58: =LEFT(B58,6) -> GGHT14 | B58: GGHT14 | AG58: 3400 | AH58: 150 | AI58: 2500 | AJ58: 100 | AK58: 2500 | AL58: 100 | AM58: NFV Cisco | AN58: TCHT02 | AO58: PEPS_HHT_03/04 | AP58: CGNATHT09/10 (364 Gbps)
A59: =LEFT(B59,6) -> GGHT15 | B59: GGHT15 | AG59: 3400 | AH59: 150 | AI59: 2500 | AJ59: 100 | AK59: 2500 | AL59: 100 | AM59: NFV Cisco | AN59: TCHT02 | AO59: PEPS_HHT_03/04 | AP59: CGNATHT09/10 (364 Gbps)
A60: =LEFT(B60,6) -> GGHT18 | B60: GGHT18 | AG60: 3400 | AH60: 150 | AI60: 2500 | AJ60: 100 | AK60: 2500 | AL60: 100 | AM60: NFV Cisco | AN60: TCHT03 | AO60: PEPS_HHT_03/04 | AP60: CGNATHT09/10 (364 Gbps)
A61: =LEFT(B61,6) -> GGHT16 | B61: GGHT16 (Backup) | AG61: 3400 | AH61: 150 | AI61: 2500 | AJ61: 100 | AK61: 2500 | AL61: 100 | AM61: NFV Cisco | AN61: TCHT03 | AO61: PEPS_HHT_03/04 | AP61: CGNATHT09/10 (364 Gbps)
A62: =LEFT(B62,6) -> GGPL01 | B62: GGPL01 | AK62: 4000 | AL62: 150 | AM62: NFV VHT | AN62: TCPL04 | AO62: PEPS_PLM_01/02 | AP62: CGNATPL01/02 (450 Gbps)
A63: =LEFT(B63,6) -> GGPL02 | B63: GGPL02 | AK63: 4000 | AL63: 150 | AM63: NFV VHT | AN63: TCPL04 | AO63: PEPS_PLM_01/02 | AP63: CGNATPL01/02 (450 Gbps)
A64: =LEFT(B64,6) -> GGPL03 | B64: GGPL03 | AK64: 3000 | AL64: 100 | AM64: NFV VHT | AN64: TCPL04 | AO64: PEPS_PLM_01/02 | AP64: CGNATPL01/02 (450 Gbps)
A65: =LEFT(B65,6) -> GGPL04 | B65: GGPL04 (Backup) | AK65: 4000 | AL65: 150 | AM65: NFV VHT | AN65: TCPL04 | AO65: PEPS_PLM_01/02 | AP65: CGNATPL01/02 (450 Gbps)
A66: =LEFT(B66,6) -> GGHT22 | B66: GGHT22 | AK66: 4000 | AL66: 150 | AM66: NFV VHT | AN66: TCHT10 | AO66: PEPS_HHT_03/04 | AP66: CGNATHT13/14 (600 Gbps) | AQ66: Triển khai Q4/2024
A67: =LEFT(B67,6) -> GGHT23 | B67: GGHT23 | AK67: 4000 | AL67: 150 | AM67: NFV VHT | AN67: TCHT10 | AO67: PEPS_HHT_03/04 | AP67: CGNATHT09/10 (364 Gbps) | AQ67: Triển khai Q4/2024
A68: =LEFT(B68,6) -> GGHT24 | B68: GGHT24 (Backup) | AK68: 4000 | AL68: 150 | AM68: NFV VHT | AN68: TCHT10 | AO68: PEPS_HHT_03/04 | AP68: CGNATHT09/10 (364 Gbps) | AQ68: Triển khai Q4/2024
A69: =LEFT(B69,6) -> Total | B69: Total Hochiminh | D69: =SUM(D47:D51) -> 4000 | E69: =SUM(E47:E51) -> 120 | F69: =SUM(F47:F51) -> 0 | G69: =SUM(G47:G51) -> 6000 | H69: =SUM(H47:H51) -> 180 | I69: =SUM(I47:I51) -> 0 | J69: =SUM(J47:J51) -> 8500 | K69: =SUM(K47:K51) -> 270 | ... O69: =SUM(O47:O51) -> 0 | P69: =SUM(P47:P53) -> 13500 | Q69: =SUM(Q47:Q53) -> 600 | R69: =SUM(R47:R51) -> 0 | S69: =SUM(S47:S53) -> 13900 | T69: =SUM(T47:T53) -> 620 | AG69: =SUM(AG47:AG61)-AG52-AG57-AG61 -> 21600 | AH69: =SUM(AH47:AH61)-AH52-AH57-AH61 -> 950 | AI69: =SUM(AI47:AI65)-AI52-AI57-AI61-AI65 -> 22900 | AJ69: =SUM(AJ47:AJ65)-AJ52-AJ57-AJ61-AJ65 -> 950 | AK69: =SUM(AK47:AK68)-AK52-AK57-AK61-AK65-AK68 -> 50900 | AL69: =SUM(AL47:AL68)-AL52-AL57-AL61-AL65-AL68 -> 1950
A70: TOTAL | B70: TOTAL | D70: =D32+D46+D69 -> 10000 | E70: =E32+E46+E69 -> 280 | G70: =G32+G46+G69 -> 15500 | H70: =H32+H46+H69 -> 450 | J70: =J32+J46+J69 -> 22000 | K70: =K32+K46+K69 -> 710 | M70: =M32+M46+M69 -> 22000 | N70: =N32+N46+N69 -> 880 | P70: =P32+P46+P69 -> 35750 | Q70: =Q32+Q46+Q69 -> 1540 | S70: =S32+S46+S69 -> 39750 | T70: =T32+T46+T69 -> 1730 | U70: =S70-P70 -> 4000 | V70: =T70-Q70 -> 190 | Y70: =SUM(Y2:Y61) -> 12 | AG70: =AG32+AG46+AG69 -> 75600 | AH70: =AH32+AH46+AH69 -> 3140 | AI70: =AI32+AI46+AI69 -> 88900 | AJ70: =AJ32+AJ46+AJ69 -> 3590 | AK70: =AK32+AK46+AK69 -> 162900 | AL70: =AL32+AL46+AL69 -> 6090
A71: Delta | B71: Delta | AI71: =AI70-AG70 -> 13300 | AJ71: =AJ70-AH70 -> 450 | AK71: =AK70-AI70 -> 74000 | AL71: =AL70-AJ70 -> 2500
A73: VIM dự phòng ĐNG | B73: VIM dự phòng ĐNG | D73: =SUM(D44:D49) -> 6000 | E73: =SUM(E44:E49) -> 160 | F73: =SUM(F44:F49) -> 0 | G73: =SUM(G44:G49) -> 8000 | H73: =SUM(H44:H49) -> 220 | I73: =SUM(I44:I49) -> 0 | J73: =SUM(J44:J49) -> 9000 | K73: =SUM(K44:K49) -> 270 | ... O73: =SUM(O44:O49) -> 0 | P73: =SUM(P44:P52) -> 17350 | Q73: =SUM(Q44:Q52) -> 740 | R73: =SUM(R44:R49) -> 0 | S73: =SUM(S44:S52) -> 17750 | T73: =SUM(T44:T52) -> 760 | AG73: =SUM(AG44:AG63)-AG50-AG56 -> 38800 | AH73: =SUM(AH44:AH63)-AH50-AH56 -> 1670 | AK73: KBearer | AL73: Gbps | AM73: Vendor | AN73: TCC | AO73: PE-PS | AP73: PE-PS
A74: =LEFT(B74,6) -> GGHK16 | B74: GGHK16 (Backup) | AK74: 4000 | AL74: 150 | AM74: NFV VHT | AN74: TCHK06 | AO74: PEPS_HKH_03/04 | AP74: CGNATHK07/08 (600 Gbps) | AQ74: Triển khai Q4/2024
A75: =LEFT(B75,6) -> GGHK17 | B75: GGHK17 (Backup) | AK75: 4000 | AL75: 150 | AM75: NFV VHT | AN75: TCHK07 | AO75: PEPS_HKH_03/04 | AP75: CGNATHK09/10 (600 Gbps) | AQ75: Triển khai Q4/2024
A76: =LEFT(B76,6) -> GGHK18 | B76: GGHK18 (Backup) | AK76: 4000 | AL76: 150 | AM76: NFV VHT | AN76: TCHK07 | AO76: PEPS_HKH_03/04 | AP76: CGNATHK09/10 (600 Gbps) | AQ76: Triển khai Q4/2024
A77: =LEFT(B77,6) -> GGHK19 | B77: GGHK19 (Backup) | AK77: 4000 | AL77: 150 | AM77: NFV VHT | AN77: TCHK07 | AO77: PEPS_HKH_03/04 | AP77: CGNATHK09/10 (600 Gbps) | AQ77: Triển khai Q4/2024
A78: Total VIM dự phòng | B78: Total VIM dự phòng | D78: =SUM(D48:D53) -> 2000 | E78: =SUM(E48:E53) -> 60 | F78: =SUM(F48:F53) -> 0 | G78: =SUM(G48:G53) -> 4000 | H78: =SUM(H48:H53) -> 120 | I78: =SUM(I48:I53) -> 0 | J78: =SUM(J48:J53) -> 8500 | K78: =SUM(K48:K53) -> 270 | ... O78: =SUM(O48:O53) -> 0 | P78: =SUM(P48:P56) -> 12000 | Q78: =SUM(Q48:Q56) -> 540 | R78: =SUM(R48:R53) -> 0 | S78: =SUM(S48:S56) -> 12400 | T78: =SUM(T48:T56) -> 560 | AG78: =SUM(AG48:AG67)-AG54-AG60 -> 22600 | AH78: =SUM(AH48:AH67)-AH54-AH60 -> 1010 | AK78: =SUM(AK74:AK77) -> 16000 | AL78: =SUM(AL74:AL77) -> 600
AI80: Vendor | AJ80: KV1 | AK80: KV2 | AL80: KV3 | AM80: Total
A81: Dung lượng license (Gbps) | B81: Dung lượng license (Gbps) | AM81: =SUM(AM82:AM84) -> 6090
A82: =LEFT(B82,6) | AI82: Ericsson | AJ82: =AL32-AL24-AL25-AL26 -> 2630 | AK82: =AL46-AL42-AL43-AL45 -> 660 | AL82: =AL69-AL58-AL59-AL60-AL62-AL63-AL64-AL66-AL67 -> 950 | AM82: =SUM(AJ82:AL82) -> 4240
A83: =LEFT(B83,6) | AI83: VHT | AJ83: =AL24+AL25+AL26 -> 400 | AK83: =AL42+AL43+AL45 -> 450 | AL83: =AL62+AL63+AL64+AL66+AL67 -> 700 | AM83: =SUM(AJ83:AL83) -> 1550
A84: =LEFT(B84,6) | AI84: Cisco | AL84: =AL58+AL59+AL60 -> 300 | AM84: =SUM(AJ84:AL84) -> 300
A85: Dung lượng backup (Gbps) | B85: Dung lượng backup (Gbps) | AM85: =SUM(AM86:AM88) -> 2490
A86: =LEFT(B86,6) | AI86: Ericsson | AJ86: =AL9+AL15+AL23+AL31 -> 550 | AK86: =AL35+AL38+AL41 -> 370 | AL86: =AL52+AL57 -> 270 | AM86: =SUM(AJ86:AL86) -> 1190
A87: =LEFT(B87,6) | AI87: VHT | AJ87: =AL27 -> 150 | AK87: =AL44+AL78 -> 750 | AL87: =AL65+AL68 -> 300 | AM87: =SUM(AJ87:AL87) -> 1200
A88: =LEFT(B88,6) | AI88: Cisco | AL88: =AL61 -> 100 | AM88: =SUM(AJ88:AL88) -> 100
A89: =LEFT(B89,6)
AI90: Vendor | AJ90: KV1 | AK90: KV2 | AL90: KV3 | AM90: Total
A91: Dung lượng với backup tối thiểu N+1 theo khu vực (Gbps) | B91: Dung lượng với backup tối thiểu N+1 theo khu vực (Gbps) | AM91: =SUM(AM92:AM94) -> 8130
A92: =LEFT(B92,6) | AI92: Ericsson | AJ92: =AJ82+AL9+AL15+AL31 -> 3030 | AK92: =AK82+AL35+AL38 -> 880 | AL92: =AL82+AL52 -> 1070 | AM92: =SUM(AJ92:AL92) -> 4980
A93: =LEFT(B93,6) | AI93: VHT | AJ93: =AJ83+AL27 -> 550 | AK93: =AK83+AL44+AL78 -> 1200 | AL93: =AL83+AL65+AL68 -> 1000 | AM93: =SUM(AJ93:AL93) -> 2750
A94: =LEFT(B94,6) | AI94: Cisco | AL94: =AL84+AL61 -> 400 | AM94: =SUM(AJ94:AL94) -> 400
A95: Dung lượng với backup còn lại (Gbps) | B95: Dung lượng với backup còn lại (Gbps) | AM95: =SUM(AM96:AM98) -> 450
AI96: Ericsson | AJ96: =AL23 -> 150 | AK96: =AJ38 -> 150 | AL96: =AL57 -> 150 | AM96: =SUM(AJ96:AL96) -> 450
AI97: VHT | AM97: =SUM(AJ97:AL97) -> 0
AI98: Cisco | AM98: =SUM(AJ98:AL98) -> 0

Sheet Input_Lic_Rate_PS
E1: License | N1: License | X1: SGSN | Y1: RMC
A2: STT | B2: Node | C2: VENDOR | D2: Khu vực | E2: License SAU | F2: License SAU (VHKT) | G2: Hardware version | H2: Software version | I2: RMC | J2: STT | K2: Node | L2: Vendor | M2: Khu vực | N2: Bear | O2: Throughput VHKT | P2: Throughput Node | Q2: Total IPv4 | R2: Total IPv6 | S2: Hardware/cloud_name | T2: Software version | U2: spgw zone | V2: Weight | W2: GGSN IP | X2: NE_NAME | Y2: relative_capacity | Z2: relative_capacity | AA2: mme_code | AB2: mme_group
A3: 1 | B3: SGHL04 | C3: Ericsson | D3: KV1-Pool1 | E3: 2500000 | F3: 2800000 | G3: MkVIII | H3: 1.65 | I3: =VLOOKUP(B3,X:Y,2,FALSE) -> 18 | J3: 1 | K3: GGPD04 | L3: VHT | M3: KV1 | N3: =VLOOKUP(K3,'Chi tiết_report'!$B$123:$S$175,16,FALSE) -> 4500000 | O3: =VLOOKUP(K3,'Chi tiết_report'!$B$123:$S$175,7,FALSE) -> 150000 | P3: 150000 | Q3: =VLOOKUP(K3,'Chi tiết_report'!$B$123:$S$175,18,FALSE) -> 4500000 | R3: =VLOOKUP(K3,'Chi tiết_report'!$B$123:$Z$175,24,FALSE) -> 0 | S3: TCPD07 | U3: =LOWER(CONCATENATE(K3,".",IF(L3="Ericsson","eric",IF(L3="VHT","viettel","cisco")),".zone",RIGHT(M3,1))) -> ggpd04.viettel.zone1 | V3: =VLOOKUP(K3,idns_weight_PCSCF!A:B,2,FALSE) -> Viettel | X3: SGHL04 | Y3: 18 | Z3: 18 | AA3: 4 | AB3: 32769
A4: =A3+1 -> 2 | B4: SGHL05 | C4: Ericsson | D4: KV1-Pool1 | E4: 2500000 | F4: 2800000 | G4: MkVIII | H4: 1.65 | I4: =VLOOKUP(B4,X:Y,2,FALSE) -> 18 | J4: 2 | K4: GGPD05 | L4: VHT | M4: KV1 | N4: =VLOOKUP(K4,'Chi tiết_report'!$B$123:$S$175,16,FALSE) -> 4500000 | O4: =VLOOKUP(K4,'Chi tiết_report'!$B$123:$S$175,7,FALSE) -> 150000 | P4: 150000 | Q4: =VLOOKUP(K4,'Chi tiết_report'!$B$123:$S$175,18,FALSE) -> 4500000 | R4: =VLOOKUP(K4,'Chi tiết_report'!$B$123:$Z$175,24,FALSE) -> 0 | S4: TCPD07 | U4: =LOWER(CONCATENATE(K4,".",IF(L4="Ericsson","eric",IF(L4="VHT","viettel","cisco")),".zone",RIGHT(M4,1))) -> ggpd05.viettel.zone1 | V4: =VLOOKUP(K4,idns_weight_PCSCF!A:B,2,FALSE) -> Viettel | X4: SGHL05 | Y4: 18 | Z4: 18 | AA4: 8 | AB4: 32769
A5: =A4+1 -> 3 | B5: SGHL06 | C5: Ericsson | D5: KV1-Pool1 | E5: 3300000 | F5: 3300000 | G5: MkX | H5: 1.84 | I5: =VLOOKUP(B5,X:Y,2,FALSE) -> 38 | J5: 3 | K5: GGPD06 | L5: VHT | M5: KV1 | N5: =VLOOKUP(K5,'Chi tiết_report'!$B$123:$S$175,16,FALSE) -> 4500000 | O5: =VLOOKUP(K5,'Chi tiết_report'!$B$123:$S$175,7,FALSE) -> 150000 | P5: 100000 | Q5: =VLOOKUP(K5,'Chi tiết_report'!$B$123:$S$175,18,FALSE) -> 4500000 | R5: =VLOOKUP(K5,'Chi tiết_report'!$B$123:$Z$175,24,FALSE) -> 0 | S5: TCPD07 | U5: =LOWER(CONCATENATE(K5,".",IF(L5="Ericsson","eric",IF(L5="VHT","viettel","cisco")),".zone",RIGHT(M5,1))) -> ggpd06.viettel.zone1 | V5: =VLOOKUP(K5,idns_weight_PCSCF!A:B,2,FALSE) -> Viettel | X5: SGHL06 | Y5: 38 | Z5: 38 | AA5: 12 | AB5: 32769
A6: =A5+1 -> 4 | B6: SGHL07 | C6: Ericsson | D6: KV1-Pool1 | E6: 3300000 | F6: 3300000 | G6: MkX | H6: 1.84 | I6: =VLOOKUP(B6,X:Y,2,FALSE) -> 38 | J6: 4 | K6: GGPD07 | L6: VHT | M6: KV1 | N6: =VLOOKUP(K6,'Chi tiết_report'!$B$123:$S$175,16,FALSE) -> 4500000 | O6: =VLOOKUP(K6,'Chi tiết_report'!$B$123:$S$175,7,FALSE) -> 150000 | P6: 150000 | Q6: =VLOOKUP(K6,'Chi tiết_report'!$B$123:$S$175,18,FALSE) -> 4500000 | R6: =VLOOKUP(K6,'Chi tiết_report'!$B$123:$Z$175,24,FALSE) -> 0 | S6: TCPD07 | U6: =LOWER(CONCATENATE(K6,".",IF(L6="Ericsson","eric",IF(L6="VHT","viettel","cisco")),".zone",RIGHT(M6,1))) -> ggpd07.viettel.zone1 | V6: =VLOOKUP(K6,idns_weight_PCSCF!A:B,2,FALSE) -> Viettel | X6: SGHL07 | Y6: 38 | Z6: 38 | AA6: 16 | AB6: 32769
A7: =A6+1 -> 5 | B7: SGHL08 | C7: Ericsson | D7: KV1-Pool1 | E7: 3300000 | F7: 3300000 | G7: MkX | H7: 1.84 | I7: =VLOOKUP(B7,X:Y,2,FALSE) -> 38 | J7: 5 | K7: GGHL04 | L7: Ericsson | M7: KV1 | N7: =VLOOKUP(K7,'Chi tiết_report'!$B$123:$S$175,16,FALSE) -> 1500000 | O7: =VLOOKUP(K7,'Chi tiết_report'!$B$123:$S$175,7,FALSE) -> 80000 | P7: 60000 | Q7: =VLOOKUP(K7,'Chi tiết_report'!$B$123:$S$175,18,FALSE) -> 1755000 | R7: =VLOOKUP(K7,'Chi tiết_report'!$B$123:$Z$175,24,FALSE) -> 1495000 | S7: SSR 8020 | T7: EPG 2.17 | U7: =LOWER(CONCATENATE(K7,".",IF(L7="Ericsson","eric",IF(L7="VHT","viettel","cisco")),".zone",RIGHT(M7,1))) -> gghl04.eric.zone1 | V7: =VLOOKUP(K7,idns_weight_PCSCF!A:B,2,FALSE) -> Ericsson | X7: SGHL08 | Y7: 38 | Z7: 38 | AA7: 40 | AB7: 32769
A8: =A7+1 -> 6 | B8: SGHL09 | C8: Ericsson | D8: KV1-Pool1 | E8: 3300000 | F8: 3300000 | G8: MkX | H8: 1.65 | I8: =VLOOKUP(B8,X:Y,2,FALSE) -> 38 | J8: 6 | K8: GGHL05 | L8: Ericsson | M8: KV1 | N8: 1500000 | O8: 80000 | P8: 60000 | Q8: =26*65535 -> 1703910 | R8: =VLOOKUP(K8,'Chi tiết_report'!$B$123:$Z$175,24,FALSE) -> 0 | S8: SSR 8020 | T8: EPG 2.17 | U8: =LOWER(CONCATENATE(K8,".",IF(L8="Ericsson","eric",IF(L8="VHT","viettel","cisco")),".zone",RIGHT(M8,1))) -> gghl05.eric.zone1 | V8: =VLOOKUP(K8,idns_weight_PCSCF!A:B,2,FALSE) -> Ericsson | X8: SGHL09 | Y8: 38 | Z8: 38 | AA8: 44 | AB8: 32769
A9: =A8+1 -> 7 | B9: SGHL10 | C9: Ericsson | D9: KV1-Pool1 | E9: 3300000 | F9: 3300000 | G9: Cloud-TCHL01 | H9: 1.61 | I9: =VLOOKUP(B9,X:Y,2,FALSE) -> 10 | J9: 7 | K9: GGHL06 | L9: Ericsson | M9: KV1 | N9: 1500000 | O9: 80000 | P9: 60000 | Q9: =VLOOKUP(K9,'Chi tiết_report'!$B$123:$S$175,18,FALSE) -> 0 | R9: =VLOOKUP(K9,'Chi tiết_report'!$B$123:$Z$175,24,FALSE) -> 0 | S9: SSR 8020 | T9: EPG 2.17 | U9: =LOWER(CONCATENATE(K9,".",IF(L9="Ericsson","eric",IF(L9="VHT","viettel","cisco")),".zone",RIGHT(M9,1))) -> gghl06.eric.zone1 | V9: =VLOOKUP(K9,idns_weight_PCSCF!A:B,2,FALSE) -> #N/A | X9: SGHL10 | Y9: 10 | Z9: 10 | AA9: 60 | AB9: 32769
A10: =A9+1 -> 8 | B10: SGHL11 | C10: Ericsson | D10: KV1-Pool1 | E10: 3300000 | F10: 3300000 | G10: Cloud-TCHL01 | H10: 1.61 | I10: =VLOOKUP(B10,X:Y,2,FALSE) -> 10 | J10: 8 | K10: GGHL07 | L10: Ericsson | M10: KV1 | N10: =VLOOKUP(K10,'Chi tiết_report'!$B$123:$S$175,16,FALSE) -> 1500000 | O10: =VLOOKUP(K10,'Chi tiết_report'!$B$123:$S$175,7,FALSE) -> 80000 | P10: 60000 | Q10: =VLOOKUP(K10,'Chi tiết_report'!$B$123:$S$175,18,FALSE) -> 1690000 | R10: =VLOOKUP(K10,'Chi tiết_report'!$B$123:$Z$175,24,FALSE) -> 1495000 | S10: SSR 8020 | T10: EPG 2.17 | U10: =LOWER(CONCATENATE(K10,".",IF(L10="Ericsson","eric",IF(L10="VHT","viettel","cisco")),".zone",RIGHT(M10,1))) -> gghl07.eric.zone1 | V10: =VLOOKUP(K10,idns_weight_PCSCF!A:B,2,FALSE) -> Ericsson | X10: SGHL11 | Y10: 10 | Z10: 10 | AA10: 92 | AB10: 32769
A11: =A10+1 -> 9 | B11: SGHL12 | C11: Ericsson | D11: KV1-Pool1 | E11: 3300000 | F11: 3300000 | G11: Cloud-TCHL02 | H11: 1.61 | I11: =VLOOKUP(B11,X:Y,2,FALSE) -> 38 | J11: 9 | K11: GGHL08 | L11: Ericsson | M11: KV1 | N11: =VLOOKUP(K11,'Chi tiết_report'!$B$123:$S$175,16,FALSE) -> 2800000 | O11: =VLOOKUP(K11,'Chi tiết_report'!$B$123:$S$175,7,FALSE) -> 150000 | P11: 135000 | Q11: =VLOOKUP(K11,'Chi tiết_report'!$B$123:$S$175,18,FALSE) -> 2990000 | R11: =VLOOKUP(K11,'Chi tiết_report'!$B$123:$Z$175,24,FALSE) -> 2730000 | S11: SSR 8020 | T11: EPG 2.17 | U11: =LOWER(CONCATENATE(K11,".",IF(L11="Ericsson","eric",IF(L11="VHT","viettel","cisco")),".zone",RIGHT(M11,1))) -> gghl08.eric.zone1 | V11: =VLOOKUP(K11,idns_weight_PCSCF!A:B,2,FALSE) -> Ericsson | X11: SGHL12 | Y11: 38 | Z11: 38 | AA11: 96 | AB11: 32769
A12: =A11+1 -> 10 | B12: SGHL13 | C12: Ericsson | D12: KV1-Pool1 | E12: 3300000 | F12: 3300000 | G12: Cloud-TCHL02 | H12: 1.61 | I12: =VLOOKUP(B12,X:Y,2,FALSE) -> 38 | J12: 10 | K12: GGHL09 | L12: Ericsson | M12: KV1 | N12: =VLOOKUP(K12,'Chi tiết_report'!$B$123:$S$175,16,FALSE) -> 2800000 | O12: =VLOOKUP(K12,'Chi tiết_report'!$B$123:$S$175,7,FALSE) -> 150000 | P12: 135000 | Q12: =VLOOKUP(K12,'Chi tiết_report'!$B$123:$S$175,18,FALSE) -> 2990000 | R12: =VLOOKUP(K12,'Chi tiết_report'!$B$123:$Z$175,24,FALSE) -> 2730000 | S12: SSR 8020 | T12: EPG 2.17 | U12: =LOWER(CONCATENATE(K12,".",IF(L12="Ericsson","eric",IF(L12="VHT","viettel","cisco")),".zone",RIGHT(M12,1))) -> gghl09.eric.zone1 | V12: =VLOOKUP(K12,idns_weight_PCSCF!A:B,2,FALSE) -> Ericsson | X12: SGHL13 | Y12: 38 | Z12: 38 | AA12: 100 | AB12: 32769
A13: =A12+1 -> 11 | B13: SGHL14 | C13: Ericsson | D13: KV1-Pool1 | E13: 2000000 | F13: 2000000 | G13: Cloud-TCHL01 | H13: 1.65 | I13: =VLOOKUP(B13,X:Y,2,FALSE) -> 10 | J13: 11 | K13: GGHL10 | L13: Ericsson | M13: KV1 | N13: =VLOOKUP(K13,'Chi tiết_report'!$B$123:$S$175,16,FALSE) -> 2400000 | O13: =VLOOKUP(K13,'Chi tiết_report'!$B$123:$S$175,7,FALSE) -> 100000 | P13: 100000 | Q13: =VLOOKUP(K13,'Chi tiết_report'!$B$123:$S$175,18,FALSE) -> 2470000 | R13: =VLOOKUP(K13,'Chi tiết_report'!$B$123:$Z$175,24,FALSE) -> 2015000 | S13: SSR 8020 | T13: EPG 2.17 | U13: =LOWER(CONCATENATE(K13,".",IF(L13="Ericsson","eric",IF(L13="VHT","viettel","cisco")),".zone",RIGHT(M13,1))) -> gghl10.eric.zone1 | V13: =VLOOKUP(K13,idns_weight_PCSCF!A:B,2,FALSE) -> Ericsson | X13: SGHL14 | Y13: 10 | Z13: 10 | AA13: 116 | AB13: 32769
A14: =A13+1 -> 12 | B14: SGHL15 | C14: Ericsson | D14: KV1-Pool1 | E14: 2000000 | F14: 2000000 | G14: Cloud-TCHL02 | H14: 1.65 | I14: =VLOOKUP(B14,X:Y,2,FALSE) -> 30 | J14: 12 | K14: GGHL11 | L14: Ericsson | M14: KV1 | N14: =VLOOKUP(K14,'Chi tiết_report'!$B$123:$S$175,16,FALSE) -> 2800000 | O14: =VLOOKUP(K14,'Chi tiết_report'!$B$123:$S$175,7,FALSE) -> 150000 | P14: 135000 | Q14: =VLOOKUP(K14,'Chi tiết_report'!$B$123:$S$175,18,FALSE) -> 2990000 | R14: =VLOOKUP(K14,'Chi tiết_report'!$B$123:$Z$175,24,FALSE) -> 2730000 | S14: SSR 8020 | T14: EPG 2.17 | U14: =LOWER(CONCATENATE(K14,".",IF(L14="Ericsson","eric",IF(L14="VHT","viettel","cisco")),".zone",RIGHT(M14,1))) -> gghl11.eric.zone1 | V14: =VLOOKUP(K14,idns_weight_PCSCF!A:B,2,FALSE) -> Ericsson | X14: SGHL15 | Y14: 30 | Z14: 30 | AA14: 120 | AB14: 32769
A15: =A14+1 -> 13 | B15: SGHL16 | C15: Ericsson | D15: KV1-Pool3 | E15: 2000000 | F15: 2000000 | G15: Cloud-TCHL04 | H15: 1.86 | I15: =VLOOKUP(B15,X:Y,2,FALSE) -> 20 | J15: 13 | K15: GGHL12 | L15: Ericsson | M15: KV1 | N15: =VLOOKUP(K15,'Chi tiết_report'!$B$123:$S$175,16,FALSE) -> 2800000 | O15: =VLOOKUP(K15,'Chi tiết_report'!$B$123:$S$175,7,FALSE) -> 150000 | P15: 135000 | Q15: =VLOOKUP(K15,'Chi tiết_report'!$B$123:$S$175,18,FALSE) -> 2990000 | R15: =VLOOKUP(K15,'Chi tiết_report'!$B$123:$Z$175,24,FALSE) -> 2730000 | S15: SSR 8020 | T15: EPG 2.17 | U15: =LOWER(CONCATENATE(K15,".",IF(L15="Ericsson","eric",IF(L15="VHT","viettel","cisco")),".zone",RIGHT(M15,1))) -> gghl12.eric.zone1 | V15: =VLOOKUP(K15,idns_weight_PCSCF!A:B,2,FALSE) -> Ericsson | X15: SGHK01 | Y15: 25 | Z15: 25 | AA15: 20 | AB15: 32770
A16: =A15+1 -> 14 | B16: SGHL17 | C16: Ericsson | D16: KV1-Pool3 | E16: 2000000 | F16: 2000000 | G16: Cloud-TCHL04 | H16: 1.86 | I16: =VLOOKUP(B16,X:Y,2,FALSE) -> 20 | J16: 14 | K16: GGHL13 | L16: Ericsson | M16: KV1 | N16: =VLOOKUP(K16,'Chi tiết_report'!$B$123:$S$175,16,FALSE) -> 4000000 | O16: =VLOOKUP(K16,'Chi tiết_report'!$B$123:$S$175,7,FALSE) -> 180000 | P16: 150000 | Q16: =VLOOKUP(K16,'Chi tiết_report'!$B$123:$S$175,18,FALSE) -> 4063232 | R16: =131072*31 -> 4063232 | S16: TCHL01 | T16: EPG 2.15 | U16: =LOWER(CONCATENATE(K16,".",IF(L16="Ericsson","eric",IF(L16="VHT","viettel","cisco")),".zone",RIGHT(M16,1))) -> gghl13.eric.zone1 | V16: =VLOOKUP(K16,idns_weight_PCSCF!A:B,2,FALSE) -> Ericsson | X16: SGHK02 | Y16: 25 | Z16: 25 | AA16: 24 | AB16: 32770
A17: =A16+1 -> 15 | B17: SGHL18 | C17: Ericsson | D17: KV1-Pool3 | E17: 2000000 | F17: 2000000 | G17: Cloud-TCHL04 | H17: 1.86 | I17: =VLOOKUP(B17,X:Y,2,FALSE) -> 20 | J17: 15 | K17: GGHL14 | L17: Ericsson | M17: KV1 | N17: =VLOOKUP(K17,'Chi tiết_report'!$B$123:$S$175,16,FALSE) -> 4000000 | O17: =VLOOKUP(K17,'Chi tiết_report'!$B$123:$S$175,7,FALSE) -> 180000 | P17: 150000 | Q17: =VLOOKUP(K17,'Chi tiết_report'!$B$123:$S$175,18,FALSE) -> 4063232 | R17: =131072*31 -> 4063232 | S17: TCHL01 | T17: EPG 2.15 | U17: =LOWER(CONCATENATE(K17,".",IF(L17="Ericsson","eric",IF(L17="VHT","viettel","cisco")),".zone",RIGHT(M17,1))) -> gghl14.eric.zone1 | V17: =VLOOKUP(K17,idns_weight_PCSCF!A:B,2,FALSE) -> Ericsson | X17: SGHK03 | Y17: 25 | Z17: 25 | AA17: 48 | AB17: 32770
B18: Pool KV1 | C18: Ericsson | E18: =SUM(E3:E17) -> 41400000 | F18: =SUM(F3:F17) -> 42000000 | J18: 16 | K18: GGHL15 | L18: Ericsson | M18: KV1 | N18: =VLOOKUP(K18,'Chi tiết_report'!$B$123:$S$175,16,FALSE) -> 4000000 | O18: =VLOOKUP(K18,'Chi tiết_report'!$B$123:$S$175,7,FALSE) -> 180000 | P18: 150000 | Q18: =VLOOKUP(K18,'Chi tiết_report'!$B$123:$S$175,18,FALSE) -> 4063232 | R18: =131072*31 -> 4063232 | S18: TCHL02 | T18: EPG 2.17 | U18: =LOWER(CONCATENATE(K18,".",IF(L18="Ericsson","eric",IF(L18="VHT","viettel","cisco")),".zone",RIGHT(M18,1))) -> gghl15.eric.zone1 | V18: =VLOOKUP(K18,idns_weight_PCSCF!A:B,2,FALSE) -> Ericsson | X18: SGHK06 | Y18: 25 | Z18: 25 | AA18: 104 | AB18: 32770
A19: 16 | B19: SGHL19 | C19: VHT | D19: KV1 | E19: 1000000 | F19: 1000000 | J19: 17 | K19: GGHL16 | L19: Ericsson | M19: KV1 | N19: =VLOOKUP(K19,'Chi tiết_report'!$B$123:$S$175,16,FALSE) -> 4000000 | O19: =VLOOKUP(K19,'Chi tiết_report'!$B$123:$S$175,7,FALSE) -> 180000 | P19: 150000 | Q19: =VLOOKUP(K19,'Chi tiết_report'!$B$123:$S$175,18,FALSE) -> 4063232 | R19: =131072*31 -> 4063232 | S19: TCHL02 | T19: EPG 2.16 | U19: =LOWER(CONCATENATE(K19,".",IF(L19="Ericsson","eric",IF(L19="VHT","viettel","cisco")),".zone",RIGHT(M19,1))) -> gghl16.eric.zone1 | V19: =VLOOKUP(K19,idns_weight_PCSCF!A:B,2,FALSE) -> Ericsson | X19: SGHK14 | Y19: 25 | Z19: 25 | AA19: 244 | AB19: 32770
A20: =A19+1 -> 17 | B20: SGHL20 | C20: VHT | D20: KV1 | E20: 1000000 | F20: 1000000 | J20: 18 | K20: GGHL17 | L20: Ericsson | M20: KV1 | N20: =VLOOKUP(K20,'Chi tiết_report'!$B$123:$S$175,16,FALSE) -> 4000000 | O20: =VLOOKUP(K20,'Chi tiết_report'!$B$123:$S$175,7,FALSE) -> 180000 | P20: 150000 | Q20: =VLOOKUP(K20,'Chi tiết_report'!$B$123:$S$175,18,FALSE) -> 4063232 | R20: =131072*31 -> 4063232 | S20: TCHL01 | U20: =LOWER(CONCATENATE(K20,".",IF(L20="Ericsson","eric",IF(L20="VHT","viettel","cisco")),".zone",RIGHT(M20,1))) -> gghl17.eric.zone1 | V20: =VLOOKUP(K20,idns_weight_PCSCF!A:B,2,FALSE) -> Ericsson | X20: SGHK15 | Y20: 25 | Z20: 25 | AA20: 248 | AB20: 32770
A21: =A20+1 -> 18 | B21: SGHL21 | C21: VHT | D21: KV1 | E21: 1000000 | F21: 1000000 | J21: 19 | K21: GGHL18 | L21: Ericsson | M21: KV1 | N21: =VLOOKUP(K21,'Chi tiết_report'!$B$123:$S$175,16,FALSE) -> 4000000 | O21: =VLOOKUP(K21,'Chi tiết_report'!$B$123:$S$175,7,FALSE) -> 180000 | P21: 150000 | Q21: =VLOOKUP(K21,'Chi tiết_report'!$B$123:$S$175,18,FALSE) -> 4063232 | R21: =131072*31 -> 4063232 | S21: TCHL01 | U21: =LOWER(CONCATENATE(K21,".",IF(L21="Ericsson","eric",IF(L21="VHT","viettel","cisco")),".zone",RIGHT(M21,1))) -> gghl18.eric.zone1 | V21: =VLOOKUP(K21,idns_weight_PCSCF!A:B,2,FALSE) -> Ericsson | X21: SGHT07 | Y21: 18 | Z21: 18 | AA21: 28 | AB21: 32771
B22: Pool KV1 | C22: VHT | E22: =SUM(E19:E21) -> 3000000 | F22: =SUM(F19:F21) -> 3000000 | J22: 20 | K22: GGHL25 | L22: Ericsson | M22: KV1 | N22: =VLOOKUP(K22,'Chi tiết_report'!$B$123:$S$175,16,FALSE) -> 4000000 | O22: =VLOOKUP(K22,'Chi tiết_report'!$B$123:$S$175,7,FALSE) -> 180000 | P22: 150000 | Q22: =131072*31 -> 4063232 | R22: =131072*31 -> 4063232 | S22: TCHL02 | T22: EPG 2.16 | U22: =LOWER(CONCATENATE(K22,".",IF(L22="Ericsson","eric",IF(L22="VHT","viettel","cisco")),".zone",RIGHT(M22,1))) -> gghl25.eric.zone1 | V22: =VLOOKUP(K22,idns_weight_PCSCF!A:B,2,FALSE) -> Ericsson | X22: SGHT08 | Y22: 12 | Z22: 12 | AA22: 32 | AB22: 32771
A23: 19 | B23: SGHK01 | C23: Ericsson | D23: KV2 | E23: 2300000 | F23: 2300000 | G23: MkVIII | H23: 1.65 | I23: =VLOOKUP(B23,X:Y,2,FALSE) -> 25 | J23: 21 | K23: GGHL26 | L23: Ericsson | M23: KV1 | N23: =VLOOKUP(K23,'Chi tiết_report'!$B$123:$S$175,16,FALSE) -> 4000000 | O23: =VLOOKUP(K23,'Chi tiết_report'!$B$123:$S$175,7,FALSE) -> 180000 | P23: 150000 | Q23: =65535*54 -> 3538890 | R23: =131072*31 -> 4063232 | S23: TCHL02 | T23: EPG 2.16 | U23: =LOWER(CONCATENATE(K23,".",IF(L23="Ericsson","eric",IF(L23="VHT","viettel","cisco")),".zone",RIGHT(M23,1))) -> gghl26.eric.zone1 | V23: =VLOOKUP(K23,idns_weight_PCSCF!A:B,2,FALSE) -> Ericsson | X23: SGHT09 | Y23: 38 | Z23: 38 | AA23: 36 | AB23: 32771
A24: =A23+1 -> 20 | B24: SGHK02 | C24: Ericsson | D24: KV2 | E24: 2300000 | F24: 2300000 | G24: MkVIII | H24: 1.65 | I24: =VLOOKUP(B24,X:Y,2,FALSE) -> 25 | J24: 22 | K24: GGHL27 | L24: Ericsson | M24: KV1 | N24: 3500000 | O24: 100000 | P24: 100000 | Q24: =131072*27 -> 3538944 | R24: =VLOOKUP(K24,'Chi tiết_report'!$B$123:$Z$175,24,FALSE) -> #N/A | S24: TCHL04 | T24: CUPS | U24: =LOWER(CONCATENATE(K24,".",IF(L24="Ericsson","eric",IF(L24="VHT","viettel","cisco")),".zone",RIGHT(M24,1))) -> gghl27.eric.zone1 | V24: 0 | X24: SGHT10 | Y24: 38 | Z24: 38 | AA24: 52 | AB24: 32771
A25: =A24+1 -> 21 | B25: SGHK03 | C25: Ericsson | D25: KV2 | E25: 2300000 | F25: 2300000 | G25: MkX | H25: 1.65 | I25: =VLOOKUP(B25,X:Y,2,FALSE) -> 25 | J25: 23 | K25: GGHL28 | L25: Ericsson | M25: KV1 | N25: 3500000 | O25: 100000 | P25: 100000 | Q25: =131072*27 -> 3538944 | R25: =VLOOKUP(K25,'Chi tiết_report'!$B$123:$Z$175,24,FALSE) -> #N/A | S25: TCHL04 | T25: CUPS | U25: =LOWER(CONCATENATE(K25,".",IF(L25="Ericsson","eric",IF(L25="VHT","viettel","cisco")),".zone",RIGHT(M25,1))) -> gghl28.eric.zone1 | V25: 0 | X25: SGHT11 | Y25: 38 | Z25: 38 | AA25: 56 | AB25: 32771
A26: =A25+1 -> 22 | B26: SGHK06 | C26: Ericsson | D26: KV2 | E26: 2300000 | F26: 2300000 | G26: Cloud-TCHK01 | H26: 1.50 | I26: =VLOOKUP(B26,X:Y,2,FALSE) -> 25 | J26: 24 | K26: GGHL29 | L26: Ericsson | M26: KV1 | N26: 4000000 | O26: 150000 | P26: 150000 | Q26: =131072*27 -> 3538944 | R26: =VLOOKUP(K26,'Chi tiết_report'!$B$123:$Z$175,24,FALSE) -> #N/A | S26: TCHL04 | T26: CUPS | U26: =LOWER(CONCATENATE(K26,".",IF(L26="Ericsson","eric",IF(L26="VHT","viettel","cisco")),".zone",RIGHT(M26,1))) -> gghl29.eric.zone1 | V26: 0 | X26: SGHT12 | Y26: 38 | Z26: 38 | AA26: 64 | AB26: 32771
B27: Pool KV2 | C27: Ericsson | E27: =SUM(E23:E26) -> 9200000 | F27: =SUM(F26:F26) -> 2300000 | J27: 25 | K27: GGHL30 | L27: Ericsson | M27: KV1 | N27: 4000000 | O27: 150000 | P27: 150000 | Q27: =131072*27 -> 3538944 | R27: =VLOOKUP(K27,'Chi tiết_report'!$B$123:$Z$175,24,FALSE) -> #N/A | S27: TCHL04 | T27: CUPS | U27: =LOWER(CONCATENATE(K27,".",IF(L27="Ericsson","eric",IF(L27="VHT","viettel","cisco")),".zone",RIGHT(M27,1))) -> gghl30.eric.zone1 | V27: 0 | X27: SGHT13 | Y27: 38 | Z27: 38 | AA27: 108 | AB27: 32771
A28: 23 | B28: SGHK07 | C28: VHT | D28: KV2 | E28: 1500000 | F28: 1500000 | G28: TCHK02 | J28: 22 | K28: GGHL31 | L28: Ericsson | M28: KV1 | N28: 3500000 | O28: 100000 | P28: 100000 | Q28: =131072*27 -> 3538944 | R28: =VLOOKUP(K28,'Chi tiết_report'!$B$123:$Z$175,24,FALSE) -> #N/A | S28: TCHL10 | T28: CUPS | U28: =LOWER(CONCATENATE(K28,".",IF(L28="Ericsson","eric",IF(L28="VHT","viettel","cisco")),".zone",RIGHT(M28,1))) -> gghl31.eric.zone1 | V28: 0 | X28: SGHT14 | Y28: 38 | Z28: 38 | AA28: 112 | AB28: 32771
A29: =A28+1 -> 24 | B29: SGHK08 | C29: VHT | D29: KV2 | E29: 1500000 | F29: 1500000 | G29: TCHK02 | J29: 23 | K29: GGHL32 | L29: Ericsson | M29: KV1 | N29: 3500000 | O29: 100000 | P29: 100000 | Q29: =131072*27 -> 3538944 | R29: =VLOOKUP(K29,'Chi tiết_report'!$B$123:$Z$175,24,FALSE) -> #N/A | S29: TCHL10 | T29: CUPS | U29: =LOWER(CONCATENATE(K29,".",IF(L29="Ericsson","eric",IF(L29="VHT","viettel","cisco")),".zone",RIGHT(M29,1))) -> gghl32.eric.zone1 | V29: 0 | X29: SGHT15 | Y29: 20 | Z29: 20 | AA29: 124 | AB29: 32771
A30: =A29+1 -> 25 | B30: SGHK09 | C30: VHT | D30: KV2 | E30: 1500000 | F30: 1500000 | G30: TCHK02 | J30: 24 | K30: GGHL33 | L30: Ericsson | M30: KV1 | N30: 4000000 | O30: 150000 | P30: 150000 | Q30: =131072*27 -> 3538944 | R30: =VLOOKUP(K30,'Chi tiết_report'!$B$123:$Z$175,24,FALSE) -> #N/A | S30: TCHL10 | T30: CUPS | U30: =LOWER(CONCATENATE(K30,".",IF(L30="Ericsson","eric",IF(L30="VHT","viettel","cisco")),".zone",RIGHT(M30,1))) -> gghl33.eric.zone1 | V30: 0 | X30: SGHK07 | Y30: 15 | Z30: 15 | AA30: 68 | AB30: 32773
A31: 23 | B31: SGHK10 | C31: VHT | D31: KV2 | E31: 1500000 | F31: 1500000 | G31: TCHK06 | H31: 2025 | J31: 25 | K31: GGHL34 | L31: Ericsson | M31: KV1 | N31: 4000000 | O31: 150000 | P31: 150000 | Q31: =131072*27 -> 3538944 | R31: =VLOOKUP(K31,'Chi tiết_report'!$B$123:$Z$175,24,FALSE) -> #N/A | S31: TCHL10 | T31: CUPS | U31: =LOWER(CONCATENATE(K31,".",IF(L31="Ericsson","eric",IF(L31="VHT","viettel","cisco")),".zone",RIGHT(M31,1))) -> gghl34.eric.zone1 | V31: 0 | X31: SGHK08 | Y31: 15 | Z31: 15 | AA31: 72 | AB31: 32773
A32: =A31+1 -> 24 | B32: SGHK11 | C32: VHT | D32: KV2 | E32: 1500000 | F32: 1500000 | G32: TCHK06 | H32: 2025 | I32: =VLOOKUP(B36,X:Y,2,FALSE) -> 18 | J32: 26 | K32: GGHL19 | L32: VHT | M32: KV1 | N32: =VLOOKUP(K32,'Chi tiết_report'!$B$123:$S$175,16,FALSE) -> 1500000 | O32: =VLOOKUP(K32,'Chi tiết_report'!$B$123:$S$175,7,FALSE) -> 80000 | P32: 60000 | Q32: =VLOOKUP(K32,'Chi tiết_report'!$B$123:$S$175,18,FALSE) -> 1500000 | R32: =VLOOKUP(K32,'Chi tiết_report'!$B$123:$Z$175,24,FALSE) -> 28376952 | S32: VHT | T32: EPG 2.16 | U32: =LOWER(CONCATENATE(K32,".",IF(L32="Ericsson","eric",IF(L32="VHT","viettel","cisco")),".zone",RIGHT(M32,1))) -> gghl19.viettel.zone1 | V32: =VLOOKUP(K32,idns_weight_PCSCF!A:B,2,FALSE) -> #N/A | X32: SGHK09 | Y32: 15 | Z32: 15 | AA32: 128 | AB32: 32773
A33: =A31+1 -> 24 | B33: SGHK12 | C33: VHT | D33: KV2 | E33: 1500000 | F33: 1500000 | G33: TCHK07 | I33: =VLOOKUP(B37,X:Y,2,FALSE) -> 12 | J33: 27 | K33: GGHL20 | L33: VHT | M33: KV1 | N33: =VLOOKUP(K33,'Chi tiết_report'!$B$123:$S$175,16,FALSE) -> 1000000 | O33: =VLOOKUP(K33,'Chi tiết_report'!$B$123:$S$175,7,FALSE) -> 70000 | P33: 60000 | Q33: =VLOOKUP(K33,'Chi tiết_report'!$B$123:$S$175,18,FALSE) -> 1114032 | R33: =VLOOKUP(K33,'Chi tiết_report'!$B$123:$Z$175,24,FALSE) -> 28376952 | S33: VHT | T33: EPG 2.16 | U33: =LOWER(CONCATENATE(K33,".",IF(L33="Ericsson","eric",IF(L33="VHT","viettel","cisco")),".zone",RIGHT(M33,1))) -> gghl20.viettel.zone1 | V33: =VLOOKUP(K33,idns_weight_PCSCF!A:B,2,FALSE) -> #N/A | X33: SGHK10 | Y33: 20 | Z33: 20 | AA33: 216 | AB33: 32773
A34: =A32+1 -> 25 | B34: SGHK13 | C34: VHT | D34: KV2 | E34: 1500000 | F34: 1500000 | G34: TCHK07 | I34: =VLOOKUP(B38,X:Y,2,FALSE) -> 38 | J34: 28 | K34: GGHK01 | L34: Ericsson | M34: KV2 | N34: =VLOOKUP(K34,'Chi tiết_report'!$B$123:$S$175,16,FALSE) -> 1500000 | O34: =VLOOKUP(K34,'Chi tiết_report'!$B$123:$S$175,7,FALSE) -> 80000 | P34: 60000 | Q34: =VLOOKUP(K34,'Chi tiết_report'!$B$123:$S$175,18,FALSE) -> 1690000 | R34: =VLOOKUP(K34,'Chi tiết_report'!$B$123:$Z$175,24,FALSE) -> 1495000 | S34: SSR 8020 | T34: EPG 2.17 | U34: =LOWER(CONCATENATE(K34,".",IF(L34="Ericsson","eric",IF(L34="VHT","viettel","cisco")),".zone",RIGHT(M34,1))) -> gghk01.eric.zone2 | V34: =VLOOKUP(K34,idns_weight_PCSCF!A:B,2,FALSE) -> Ericsson | X34: SGHK11 | Y34: 20 | Z34: 20 | AA34: 220 | AB34: 32773
B35: Pool KV2 | C35: VHT | E35: =SUM(E31:E34) -> 6000000 | F35: =SUM(F31:F34) -> 6000000 | I35: =VLOOKUP(B39,X:Y,2,FALSE) -> 38 | J35: 29 | K35: GGHK02 | L35: Ericsson | M35: KV2 | N35: =VLOOKUP(K35,'Chi tiết_report'!$B$123:$S$175,16,FALSE) -> 1500000 | O35: =VLOOKUP(K35,'Chi tiết_report'!$B$123:$S$175,7,FALSE) -> 80000 | P35: 60000 | Q35: =VLOOKUP(K35,'Chi tiết_report'!$B$123:$S$175,18,FALSE) -> 1690000 | R35: =VLOOKUP(K35,'Chi tiết_report'!$B$123:$Z$175,24,FALSE) -> 1495000 | S35: SSR 8020 | T35: EPG 2.17 | U35: =LOWER(CONCATENATE(K35,".",IF(L35="Ericsson","eric",IF(L35="VHT","viettel","cisco")),".zone",RIGHT(M35,1))) -> gghk02.eric.zone2 | V35: =VLOOKUP(K35,idns_weight_PCSCF!A:B,2,FALSE) -> Ericsson | X35: SGHK12 | Y35: 20 | Z35: 20 | AA35: 224 | AB35: 32773
A36: 26 | B36: SGHT07 | C36: Ericsson | D36: KV3 | E36: 2500000 | F36: 2800000 | G36: MkVIII | H36: 1.65 | I36: =VLOOKUP(B40,X:Y,2,FALSE) -> 38 | J36: 30 | K36: GGHK03 | L36: Ericsson | M36: KV2 | N36: =VLOOKUP(K36,'Chi tiết_report'!$B$123:$S$175,16,FALSE) -> 2000000 | O36: =VLOOKUP(K36,'Chi tiết_report'!$B$123:$S$175,7,FALSE) -> 80000 | P36: 80000 | Q36: =VLOOKUP(K36,'Chi tiết_report'!$B$123:$S$175,18,FALSE) -> 2148216 | R36: =VLOOKUP(K36,'Chi tiết_report'!$B$123:$Z$175,24,FALSE) -> 1755000 | S36: SSR 8020 | T36: EPG 2.17 | U36: =LOWER(CONCATENATE(K36,".",IF(L36="Ericsson","eric",IF(L36="VHT","viettel","cisco")),".zone",RIGHT(M36,1))) -> gghk03.eric.zone2 | V36: =VLOOKUP(K36,idns_weight_PCSCF!A:B,2,FALSE) -> Ericsson | X36: SGHK13 | Y36: 20 | Z36: 20 | AA36: 228 | AB36: 32773
A37: =A36+1 -> 27 | B37: SGHT08 | C37: Ericsson | D37: KV3 | E37: 2500000 | F37: 2800000 | G37: MkVIII | H37: 1.65 | I37: =VLOOKUP(B41,X:Y,2,FALSE) -> 38 | J37: 31 | K37: GGHK06 | L37: Ericsson | M37: KV2 | N37: =VLOOKUP(K37,'Chi tiết_report'!$B$123:$S$175,16,FALSE) -> 1800000 | O37: =VLOOKUP(K37,'Chi tiết_report'!$B$123:$S$175,7,FALSE) -> 110000 | P37: 90000 | Q37: =VLOOKUP(K37,'Chi tiết_report'!$B$123:$S$175,18,FALSE) -> 2015000 | R37: =VLOOKUP(K37,'Chi tiết_report'!$B$123:$Z$175,24,FALSE) -> 2535000 | S37: SSR 8020 | T37: EPG 2.17 | U37: =LOWER(CONCATENATE(K37,".",IF(L37="Ericsson","eric",IF(L37="VHT","viettel","cisco")),".zone",RIGHT(M37,1))) -> gghk06.eric.zone2 | V37: =VLOOKUP(K37,idns_weight_PCSCF!A:B,2,FALSE) -> Ericsson | X37: SGHT16 | Y37: 20 | Z37: 20 | AA37: 232 | AB37: 32774
A38: =A37+1 -> 28 | B38: SGHT09 | C38: Ericsson | D38: KV3 | E38: 3500000 | F38: 3500000 | G38: MkX | H38: 1.65 | I38: =VLOOKUP(B42,X:Y,2,FALSE) -> 38 | J38: 32 | K38: GGHK07 | L38: Ericsson | M38: KV2 | N38: =VLOOKUP(K38,'Chi tiết_report'!$B$123:$S$175,16,FALSE) -> 4000000 | O38: =VLOOKUP(K38,'Chi tiết_report'!$B$123:$S$175,7,FALSE) -> 180000 | P38: 150000 | Q38: =VLOOKUP(K38,'Chi tiết_report'!$B$123:$S$175,18,FALSE) -> 4063232 | R38: =VLOOKUP(K38,'Chi tiết_report'!$B$123:$Z$175,24,FALSE) -> 4063232 | S38: TCHK01 | U38: =LOWER(CONCATENATE(K38,".",IF(L38="Ericsson","eric",IF(L38="VHT","viettel","cisco")),".zone",RIGHT(M38,1))) -> gghk07.eric.zone2 | V38: =VLOOKUP(K38,idns_weight_PCSCF!A:B,2,FALSE) -> Ericsson | X38: SGHT17 | Y38: 20 | Z38: 20 | AA38: 236 | AB38: 32774
A39: =A38+1 -> 29 | B39: SGHT10 | C39: Ericsson | D39: KV3 | E39: 3500000 | F39: 3500000 | G39: MkX | H39: 1.65 | I39: =VLOOKUP(B43,X:Y,2,FALSE) -> 38 | J39: 33 | K39: GGHK08 | L39: Ericsson | M39: KV2 | N39: =VLOOKUP(K39,'Chi tiết_report'!$B$123:$S$175,16,FALSE) -> 4000000 | O39: =VLOOKUP(K39,'Chi tiết_report'!$B$123:$S$175,7,FALSE) -> 180000 | P39: 150000 | Q39: =VLOOKUP(K39,'Chi tiết_report'!$B$123:$S$175,18,FALSE) -> 4063232 | R39: =VLOOKUP(K39,'Chi tiết_report'!$B$123:$Z$175,24,FALSE) -> 4063232 | S39: TCHK01 | U39: =LOWER(CONCATENATE(K39,".",IF(L39="Ericsson","eric",IF(L39="VHT","viettel","cisco")),".zone",RIGHT(M39,1))) -> gghk08.eric.zone2 | V39: 125 | X39: SGHT18 | Y39: 20 | Z39: 20 | AA39: 240 | AB39: 32774
A40: =A39+1 -> 30 | B40: SGHT11 | C40: Ericsson | D40: KV3 | E40: 3400000 | F40: 3400000 | G40: MkX | H40: 1.65 | I40: =VLOOKUP(B44,X:Y,2,FALSE) -> 20 | J40: 34 | K40: GGHK09 | L40: Ericsson | M40: KV2 | N40: =VLOOKUP(K40,'Chi tiết_report'!$B$123:$S$175,16,FALSE) -> 4000000 | O40: =VLOOKUP(K40,'Chi tiết_report'!$B$123:$S$175,7,FALSE) -> 180000 | P40: 150000 | Q40: =31*131000 -> 4061000 | R40: =VLOOKUP(K40,'Chi tiết_report'!$B$123:$Z$175,24,FALSE) -> 4063232 | S40: TCHK01 | T40: EPG 2.16 | U40: =LOWER(CONCATENATE(K40,".",IF(L40="Ericsson","eric",IF(L40="VHT","viettel","cisco")),".zone",RIGHT(M40,1))) -> gghk09.eric.zone2 | V40: 125 | X40: SGPL01 | Y40: 15 | Z40: 15 | AA40: 156 | AB40: 32774
A41: =A40+1 -> 31 | B41: SGHT12 | C41: Ericsson | D41: KV3 | E41: 3400000 | F41: 3400000 | G41: Cloud-TCHT01 | H41: 1.61 | I41: =VLOOKUP(B45,X:Y,2,FALSE) -> 15 | J41: 35 | K41: GGHK10 | L41: VHT | M41: KV2 | N41: =VLOOKUP(K41,'Chi tiết_report'!$B$123:$S$175,16,FALSE) -> 3500000 | O41: =VLOOKUP(K41,'Chi tiết_report'!$B$123:$S$175,7,FALSE) -> 150000 | P41: 150000 | Q41: =VLOOKUP(K41,'Chi tiết_report'!$B$123:$S$175,18,FALSE) -> 3500000 | R41: =VLOOKUP(K41,'Chi tiết_report'!$B$123:$Z$175,24,FALSE) -> 0 | S41: TCHK02 | U41: =LOWER(CONCATENATE(K41,".",IF(L41="Ericsson","eric",IF(L41="VHT","viettel","cisco")),".zone",RIGHT(M41,1))) -> gghk10.viettel.zone2 | V41: =VLOOKUP(K41,idns_weight_PCSCF!A:B,2,FALSE) -> Viettel | X41: SGPL02 | Y41: 15 | Z41: 15 | AA41: 160 | AB41: 32774
A42: =A41+1 -> 32 | B42: SGHT13 | C42: Ericsson | D42: KV3 | E42: 3400000 | F42: 3400000 | G42: Cloud-TCHT01 | H42: 1.61 | I42: =VLOOKUP(B46,X:Y,2,FALSE) -> 15 | J42: 36 | K42: GGHK11 | L42: VHT | M42: KV2 | N42: =VLOOKUP(K42,'Chi tiết_report'!$B$123:$S$175,16,FALSE) -> 3500000 | O42: =VLOOKUP(K42,'Chi tiết_report'!$B$123:$S$175,7,FALSE) -> 150000 | P42: 150000 | Q42: =VLOOKUP(K42,'Chi tiết_report'!$B$123:$S$175,18,FALSE) -> 3500000 | R42: =VLOOKUP(K42,'Chi tiết_report'!$B$123:$Z$175,24,FALSE) -> 0 | S42: TCHK02 | U42: =LOWER(CONCATENATE(K42,".",IF(L42="Ericsson","eric",IF(L42="VHT","viettel","cisco")),".zone",RIGHT(M42,1))) -> gghk11.viettel.zone2 | V42: =VLOOKUP(K42,idns_weight_PCSCF!A:B,2,FALSE) -> Viettel | X42: SGPL03 | Y42: 15 | Z42: 15 | AA42: 164 | AB42: 32774
A43: =A42+1 -> 33 | B43: SGHT14 | C43: Ericsson | D43: KV3 | E43: 3400000 | F43: 3400000 | G43: Cloud-TCHT01-NFVI02 | H43: 1.65 | J43: 37 | K43: GGHK12 | L43: VHT | M43: KV2 | N43: =VLOOKUP(K43,'Chi tiết_report'!$B$123:$S$175,16,FALSE) -> 3500000 | O43: =VLOOKUP(K43,'Chi tiết_report'!$B$123:$S$175,7,FALSE) -> 150000 | P43: 150000 | Q43: =VLOOKUP(K43,'Chi tiết_report'!$B$123:$S$175,18,FALSE) -> 3500000 | R43: =VLOOKUP(K43,'Chi tiết_report'!$B$123:$Z$175,24,FALSE) -> 0 | S43: TCHK02 | U43: =LOWER(CONCATENATE(K43,".",IF(L43="Ericsson","eric",IF(L43="VHT","viettel","cisco")),".zone",RIGHT(M43,1))) -> gghk12.viettel.zone2 | V43: =VLOOKUP(K43,idns_weight_PCSCF!A:B,2,FALSE) -> Viettel | X43: SGPL04 | Y43: 15 | Z43: 15 | AA43: 168 | AB43: 32774
A44: =A43+1 -> 34 | B44: SGHT15 | C44: Ericsson | D44: KV3 | E44: 1000000 | F44: 1000000 | G44: Cloud-TCHT01-NFVI02 | H44: 1.65 | J44: 36 | K44: GGHK15 | L44: VHT | M44: KV2 | N44: 3500000 | O44: 150000 | P44: 150000 | Q44: =VLOOKUP(K44,'Chi tiết_report'!$B$123:$S$175,18,FALSE) -> #N/A | R44: =VLOOKUP(K44,'Chi tiết_report'!$B$123:$Z$175,24,FALSE) -> #N/A | S44: TCHK06 | U44: =LOWER(CONCATENATE(K44,".",IF(L44="Ericsson","eric",IF(L44="VHT","viettel","cisco")),".zone",RIGHT(M44,1))) -> gghk15.viettel.zone2 | V44: 20 | W44: 2025 | X44: SGHL16 | Y44: 20 | Z44: 20 | AA44: 144 | AB44: 32781
A45: =A44+1 -> 35 | B45: SGPL01 | C45: VHT | D45: KV3 | E45: 1500000 | F45: 1500000 | G45: TCPL01 | J45: 37 | K45: GGHK16 | L45: VHT | M45: KV2 | N45: 3500000 | O45: 150000 | P45: 150000 | Q45: =VLOOKUP(K45,'Chi tiết_report'!$B$123:$S$175,18,FALSE) -> #N/A | R45: =VLOOKUP(K45,'Chi tiết_report'!$B$123:$Z$175,24,FALSE) -> #N/A | S45: TCHK06 | U45: =LOWER(CONCATENATE(K45,".",IF(L45="Ericsson","eric",IF(L45="VHT","viettel","cisco")),".zone",RIGHT(M45,1))) -> gghk16.viettel.zone2 | V45: 20 | W45: 2025 | X45: SGHL17 | Y45: 20 | Z45: 20 | AA45: 148 | AB45: 32781
A46: =A45+1 -> 36 | B46: SGPL02 | C46: VHT | D46: KV3 | E46: 1500000 | F46: 1500000 | G46: TCPL01 | J46: 36 | K46: GGHK17 | L46: VHT | M46: KV2 | N46: 3500000 | O46: 150000 | P46: 150000 | Q46: =VLOOKUP(K46,'Chi tiết_report'!$B$123:$S$175,18,FALSE) -> #N/A | R46: =VLOOKUP(K46,'Chi tiết_report'!$B$123:$Z$175,24,FALSE) -> #N/A | S46: TCHK07 | U46: =LOWER(CONCATENATE(K46,".",IF(L46="Ericsson","eric",IF(L46="VHT","viettel","cisco")),".zone",RIGHT(M46,1))) -> gghk17.viettel.zone2 | V46: 20 | W46: 2025 | X46: SGHL18 | Y46: 20 | Z46: 20 | AA46: 152 | AB46: 32781
A47: =A46+1 -> 37 | B47: SGPL03 | C47: VHT | D47: KV3 | E47: 1500000 | F47: 1500000 | G47: TCPL01 | J47: 37 | K47: GGHK18 | L47: VHT | M47: KV2 | N47: 3500000 | O47: 150000 | P47: 150000 | Q47: =VLOOKUP(K47,'Chi tiết_report'!$B$123:$S$175,18,FALSE) -> #N/A | R47: =VLOOKUP(K47,'Chi tiết_report'!$B$123:$Z$175,24,FALSE) -> #N/A | S47: TCHK07 | U47: =LOWER(CONCATENATE(K47,".",IF(L47="Ericsson","eric",IF(L47="VHT","viettel","cisco")),".zone",RIGHT(M47,1))) -> gghk18.viettel.zone2 | V47: 20 | W47: 2025 | X47: SGHL23 | Y47: 20 | Z47: 20 | AA47: 208 | AB47: 32781
A48: =A47+1 -> 38 | B48: SGPL04 | C48: VHT | D48: KV3 | E48: 1500000 | F48: 1500000 | G48: TCPL01 | J48: 37 | K48: GGHK19 | L48: VHT | M48: KV2 | N48: 3500000 | O48: 150000 | P48: 150000 | Q48: =VLOOKUP(K48,'Chi tiết_report'!$B$123:$S$175,18,FALSE) -> #N/A | R48: =VLOOKUP(K48,'Chi tiết_report'!$B$123:$Z$175,24,FALSE) -> #N/A | S48: TCHK07 | U48: =LOWER(CONCATENATE(K48,".",IF(L48="Ericsson","eric",IF(L48="VHT","viettel","cisco")),".zone",RIGHT(M48,1))) -> gghk19.viettel.zone2 | V48: 20 | W48: 2025 | X48: SGHL24 | Y48: 20 | Z48: 20 | AA48: 212 | AB48: 32781
B49: Pool KV3 | C49: Ericsson | E49: =SUM(E36:E44) -> 26600000 | F49: =SUM(F36:F44) -> 27200000 | J49: 38 | K49: GGHK13 | L49: Ericsson | M49: KV2 | N49: 4500000 | O49: 150000 | P49: 150000 | Q49: =27*65530 -> 1769310 | R49: =VLOOKUP(K49,'Chi tiết_report'!$B$123:$Z$175,24,FALSE) -> #N/A | S49: TCHK03 | T49: CUPS | U49: =LOWER(CONCATENATE(K49,".",IF(L49="Ericsson","eric",IF(L49="VHT","viettel","cisco")),".zone",RIGHT(M49,1))) -> gghk13.eric.zone2 | V49: =VLOOKUP(K51,idns_weight_PCSCF!A:B,2,FALSE) -> Ericsson | X49: SGHL17 | Y49: 20
B50: SGSN_KV1 | E50: =E18+E22 -> 44400000 | F50: =SUM(F3:F17)-3300000 -> 38700000 | J50: 39 | K50: GGHK14 | L50: Ericsson | M50: KV2 | N50: 4500000 | O50: 150000 | P50: 150000 | Q50: =27*65530 -> 1769310 | R50: =VLOOKUP(K50,'Chi tiết_report'!$B$123:$Z$175,24,FALSE) -> #N/A | S50: TCHK03 | T50: CUPS | U50: =LOWER(CONCATENATE(K50,".",IF(L50="Ericsson","eric",IF(L50="VHT","viettel","cisco")),".zone",RIGHT(M50,1))) -> gghk14.eric.zone2 | V50: =VLOOKUP(K52,idns_weight_PCSCF!A:B,2,FALSE) -> Ericsson | X50: SGHL18 | Y50: 20
B51: SGSN_KV2 | E51: =E27+E35 -> 15200000 | F51: =SUM(F23:F26) -> 9200000 | J51: 40 | K51: GGHT07 | L51: Ericsson | M51: KV3 | N51: =VLOOKUP(K51,'Chi tiết_report'!$B$123:$S$175,16,FALSE) -> 1500000 | O51: =VLOOKUP(K51,'Chi tiết_report'!$B$123:$S$175,7,FALSE) -> 80000 | P51: 60000 | Q51: =VLOOKUP(K51,'Chi tiết_report'!$B$123:$S$175,18,FALSE) -> 1690000 | R51: =VLOOKUP(K51,'Chi tiết_report'!$B$123:$Z$175,24,FALSE) -> 0 | S51: SSR 8020 | T51: EPG 2.16 | U51: =LOWER(CONCATENATE(K51,".",IF(L51="Ericsson","eric",IF(L51="VHT","viettel","cisco")),".zone",RIGHT(M51,1))) -> gght07.eric.zone3 | V51: =VLOOKUP(K53,idns_weight_PCSCF!A:B,2,FALSE) -> #N/A | X51: SGHL23 | Y51: 20
B52: SGSN_KV3 | E52: =E49 -> 26600000 | F52: =SUM(F36:F44) -> 27200000 | J52: 41 | K52: GGHT08 | L52: Ericsson | M52: KV3 | N52: 1500000 | O52: 80000 | P52: 60000 | Q52: =VLOOKUP(K52,'Chi tiết_report'!$B$123:$S$175,18,FALSE) -> 0 | R52: =VLOOKUP(K52,'Chi tiết_report'!$B$123:$Z$175,24,FALSE) -> 0 | S52: SSR 8020 | T52: EPG 2.16 | U52: =LOWER(CONCATENATE(K52,".",IF(L52="Ericsson","eric",IF(L52="VHT","viettel","cisco")),".zone",RIGHT(M52,1))) -> gght08.eric.zone3 | V52: =VLOOKUP(K54,idns_weight_PCSCF!A:B,2,FALSE) -> Ericsson | X52: SGHL24 | Y52: 20
B53: SGSN_TQ | E53: =SUM(E50:E52) -> 86200000 | F53: =SUM(F50:F52) -> 75100000 | J53: 42 | K53: GGHT09 | L53: Ericsson | M53: KV3 | N53: 1500000 | O53: 80000 | P53: 60000 | Q53: =VLOOKUP(K53,'Chi tiết_report'!$B$123:$S$175,18,FALSE) -> 0 | R53: =VLOOKUP(K53,'Chi tiết_report'!$B$123:$Z$175,24,FALSE) -> 0 | S53: SSR 8020 | T53: EPG 2.16 | U53: =LOWER(CONCATENATE(K53,".",IF(L53="Ericsson","eric",IF(L53="VHT","viettel","cisco")),".zone",RIGHT(M53,1))) -> gght09.eric.zone3 | V53: 60
J54: 43 | K54: GGHT10 | L54: Ericsson | M54: KV3 | N54: =VLOOKUP(K54,'Chi tiết_report'!$B$123:$S$175,16,FALSE) -> 1500000 | O54: =VLOOKUP(K54,'Chi tiết_report'!$B$123:$S$175,7,FALSE) -> 80000 | P54: 60000 | Q54: =VLOOKUP(K54,'Chi tiết_report'!$B$123:$S$175,18,FALSE) -> 1690000 | R54: =VLOOKUP(K54,'Chi tiết_report'!$B$123:$Z$175,24,FALSE) -> 1495000 | S54: SSR 8020 | T54: EPG 2.16 | U54: =LOWER(CONCATENATE(K54,".",IF(L54="Ericsson","eric",IF(L54="VHT","viettel","cisco")),".zone",RIGHT(M54,1))) -> gght10.eric.zone3 | V54: 60
J55: 44 | K55: GGHT11 | L55: Ericsson | M55: KV3 | N55: =VLOOKUP(K55,'Chi tiết_report'!$B$123:$S$175,16,FALSE) -> 2700000 | O55: =VLOOKUP(K55,'Chi tiết_report'!$B$123:$S$175,7,FALSE) -> 150000 | P55: 130000 | Q55: =VLOOKUP(K55,'Chi tiết_report'!$B$123:$S$175,18,FALSE) -> 2990000 | R55: =VLOOKUP(K55,'Chi tiết_report'!$B$123:$Z$175,24,FALSE) -> 2730000 | S55: SSR 8020 | T55: 21.28.2 | U55: =LOWER(CONCATENATE(K55,".",IF(L55="Ericsson","eric",IF(L55="VHT","viettel","cisco")),".zone",RIGHT(M55,1))) -> gght11.eric.zone3 | V55: =VLOOKUP(K57,idns_weight_PCSCF!A:B,2,FALSE) -> Ericsson
J56: 45 | K56: GGHT12 | L56: Ericsson | M56: KV3 | N56: =VLOOKUP(K56,'Chi tiết_report'!$B$123:$S$175,16,FALSE) -> 2500000 | O56: =VLOOKUP(K56,'Chi tiết_report'!$B$123:$S$175,7,FALSE) -> 150000 | P56: 150000 | Q56: =VLOOKUP(K56,'Chi tiết_report'!$B$123:$S$175,18,FALSE) -> 2470000 | R56: =VLOOKUP(K56,'Chi tiết_report'!$B$123:$Z$175,24,FALSE) -> 2535000 | S56: SSR 8020 | T56: 21.28.2 | U56: =LOWER(CONCATENATE(K56,".",IF(L56="Ericsson","eric",IF(L56="VHT","viettel","cisco")),".zone",RIGHT(M56,1))) -> gght12.eric.zone3 | V56: 120
J57: 46 | K57: GGHT13 | L57: Ericsson | M57: KV3 | N57: =VLOOKUP(K57,'Chi tiết_report'!$B$123:$S$175,16,FALSE) -> 2700000 | O57: =VLOOKUP(K57,'Chi tiết_report'!$B$123:$S$175,7,FALSE) -> 150000 | P57: 130000 | Q57: =VLOOKUP(K57,'Chi tiết_report'!$B$123:$S$175,18,FALSE) -> 2985000 | R57: =VLOOKUP(K57,'Chi tiết_report'!$B$123:$Z$175,24,FALSE) -> 2730000 | S57: SSR 8020 | T57: 21.28.2 | U57: =LOWER(CONCATENATE(K57,".",IF(L57="Ericsson","eric",IF(L57="VHT","viettel","cisco")),".zone",RIGHT(M57,1))) -> gght13.eric.zone3 | V57: 130
J58: 47 | K58: GGHT17 | L58: Ericsson | M58: KV3 | N58: 3400000 | O58: =VLOOKUP(K58,'Chi tiết_report'!$B$123:$S$175,7,FALSE) -> 150000 | P58: 150000 | Q58: =27*131000 -> 3537000 | R58: =VLOOKUP(K58,'Chi tiết_report'!$B$123:$Z$175,24,FALSE) -> 0 | S58: TCHT01 | T58: 21.28.2 | U58: =LOWER(CONCATENATE(K59,".",IF(L59="Ericsson","eric",IF(L59="VHT","viettel","cisco")),".zone",RIGHT(M59,1))) -> gght19.eric.zone3 | V58: 140
J59: 47 | K59: GGHT19 | L59: Ericsson | M59: KV3 | N59: 4500000 | O59: 150000 | P59: 150000 | Q59: =27*131000 -> 3537000 | R59: =VLOOKUP(K59,'Chi tiết_report'!$B$123:$Z$175,24,FALSE) -> #N/A | S59: TCHT04 | T59: CUPS | U59: =LOWER(CONCATENATE(K59,".",IF(L59="Ericsson","eric",IF(L59="VHT","viettel","cisco")),".zone",RIGHT(M59,1))) -> gght19.eric.zone3 | V59: 120
J60: 38 | K60: GGHT20 | L60: Ericsson | M60: KV3 | N60: 4500000 | O60: 150000 | P60: 150000 | Q60: =27*131000 -> 3537000 | R60: =VLOOKUP(K60,'Chi tiết_report'!$B$123:$Z$175,24,FALSE) -> #N/A | S60: TCHT04 | T60: CUPS | U60: =LOWER(CONCATENATE(K60,".",IF(L60="Ericsson","eric",IF(L60="VHT","viettel","cisco")),".zone",RIGHT(M60,1))) -> gght20.eric.zone3 | V60: 120
J61: 39 | K61: GGHT21 | L61: Ericsson | M61: KV3 | N61: 4500000 | O61: 150000 | P61: 150000 | Q61: =27*131000 -> 3537000 | R61: =VLOOKUP(K61,'Chi tiết_report'!$B$123:$Z$175,24,FALSE) -> #N/A | S61: TCHT04 | T61: CUPS | U61: =LOWER(CONCATENATE(K61,".",IF(L61="Ericsson","eric",IF(L61="VHT","viettel","cisco")),".zone",RIGHT(M61,1))) -> gght21.eric.zone3 | V61: 120
J62: 48 | K62: GGHT22 | L62: VHT | M62: KV3 | N62: 3500000 | O62: 150000 | P62: 150000 | Q62: =VLOOKUP(K62,'Chi tiết_report'!$B$123:$S$175,18,FALSE) -> #N/A | R62: =VLOOKUP(K62,'Chi tiết_report'!$B$123:$Z$175,24,FALSE) -> #N/A | S62: TCHT10 | W62: 2025
J63: 48 | K63: GGHT23 | L63: VHT | M63: KV3 | N63: 3500000 | O63: 150000 | P63: 150000 | Q63: =VLOOKUP(K63,'Chi tiết_report'!$B$123:$S$175,18,FALSE) -> #N/A | R63: =VLOOKUP(K63,'Chi tiết_report'!$B$123:$Z$175,24,FALSE) -> #N/A | S63: TCHT10 | W63: 2025
J64: 48 | K64: GGHT24 | L64: VHT | M64: KV3 | N64: 3500000 | O64: 150000 | P64: 150000 | Q64: =VLOOKUP(K64,'Chi tiết_report'!$B$123:$S$175,18,FALSE) -> #N/A | R64: =VLOOKUP(K64,'Chi tiết_report'!$B$123:$Z$175,24,FALSE) -> #N/A | S64: TCHT10 | W64: 2025
J65: 48 | K65: GGPL01 | L65: VHT | M65: KV3 | N65: =VLOOKUP(K65,'Chi tiết_report'!$B$123:$S$175,16,FALSE) -> 4500000 | O65: =VLOOKUP(K65,'Chi tiết_report'!$B$123:$S$175,7,FALSE) -> 150000 | P65: 150000 | Q65: =VLOOKUP(K65,'Chi tiết_report'!$B$123:$S$175,18,FALSE) -> 4500000 | R65: =VLOOKUP(K65,'Chi tiết_report'!$B$123:$Z$175,24,FALSE) -> 0 | S65: TCPL04 | V65: 120
J66: 49 | K66: GGPL02 | L66: VHT | M66: KV3 | N66: =VLOOKUP(K66,'Chi tiết_report'!$B$123:$S$175,16,FALSE) -> 4500000 | O66: =VLOOKUP(K66,'Chi tiết_report'!$B$123:$S$175,7,FALSE) -> 150000 | P66: 150000 | Q66: =VLOOKUP(K66,'Chi tiết_report'!$B$123:$S$175,18,FALSE) -> 4500000 | R66: =VLOOKUP(K66,'Chi tiết_report'!$B$123:$Z$175,24,FALSE) -> 0 | S66: TCPL04 | V66: 120
J67: 50 | K67: GGPL03 | L67: VHT | M67: KV3 | N67: =VLOOKUP(K67,'Chi tiết_report'!$B$123:$S$175,16,FALSE) -> 4500000 | O67: =VLOOKUP(K67,'Chi tiết_report'!$B$123:$S$175,7,FALSE) -> 150000 | P67: 150000 | Q67: =VLOOKUP(K67,'Chi tiết_report'!$B$123:$S$175,18,FALSE) -> 4500000 | R67: =VLOOKUP(K67,'Chi tiết_report'!$B$123:$Z$175,24,FALSE) -> 0 | S67: TCPL04 | V67: 120
J68: 51 | K68: GGPL04 | L68: VHT | M68: KV3 | N68: =VLOOKUP(K68,'Chi tiết_report'!$B$123:$S$175,16,FALSE) -> 4500000 | O68: =VLOOKUP(K68,'Chi tiết_report'!$B$123:$S$175,7,FALSE) -> 150000 | P68: 150000 | Q68: =VLOOKUP(K68,'Chi tiết_report'!$B$123:$S$175,18,FALSE) -> 4500000 | R68: =VLOOKUP(K68,'Chi tiết_report'!$B$123:$Z$175,24,FALSE) -> 0 | S68: TCPL04 | V68: 120
J69: 52 | K69: GGHT14 | L69: Cisco | M69: KV3 | N69: 1700000 | O69: 150000 | P69: 100000 | Q69: =VLOOKUP(K69,'Chi tiết_report'!$B$123:$S$175,18,FALSE) -> 0 | R69: =VLOOKUP(K69,'Chi tiết_report'!$B$123:$Z$175,24,FALSE) -> 0 | S69: TCHT02
J70: 53 | K70: GGHT15 | L70: Cisco | M70: KV3 | N70: =VLOOKUP(K70,'Chi tiết_report'!$B$123:$S$175,16,FALSE) -> 1700000 | O70: =VLOOKUP(K70,'Chi tiết_report'!$B$123:$S$175,7,FALSE) -> 150000 | P70: 100000 | Q70: =VLOOKUP(K70,'Chi tiết_report'!$B$123:$S$175,18,FALSE) -> 3200000 | R70: =VLOOKUP(K70,'Chi tiết_report'!$B$123:$Z$175,24,FALSE) -> 0 | S70: TCHT03
J71: 54 | K71: GGHT16 | L71: Cisco | M71: KV3 | N71: =VLOOKUP(K71,'Chi tiết_report'!$B$123:$S$175,16,FALSE) -> 1700000 | O71: =VLOOKUP(K71,'Chi tiết_report'!$B$123:$S$175,7,FALSE) -> 150000 | P71: 100000 | Q71: =VLOOKUP(K71,'Chi tiết_report'!$B$123:$S$175,18,FALSE) -> 3200000 | R71: =VLOOKUP(K71,'Chi tiết_report'!$B$123:$Z$175,24,FALSE) -> 0 | S71: TCHT03
J72: 55 | K72: GGHT18 | L72: Cisco | M72: KV3 | N72: =VLOOKUP(K72,'Chi tiết_report'!$B$123:$S$175,16,FALSE) -> 1700000 | O72: =VLOOKUP(K72,'Chi tiết_report'!$B$123:$S$175,7,FALSE) -> 150000 | P72: 100000 | Q72: =VLOOKUP(K72,'Chi tiết_report'!$B$123:$S$175,18,FALSE) -> 3200000 | R72: =VLOOKUP(K72,'Chi tiết_report'!$B$123:$Z$175,24,FALSE) -> 0
K73: GGSN_KV1 | N73: =SUMIF($M7:$M72,"KV1",N7:N72) -> 84100000 | O73: =SUMIF($M7:$M72,"KV1",O7:O72) -> 3610000 | P73: =SUMIF($M7:$M72,"KV1",P7:P72) -> 3200000 | Q73: =SUMIF($M7:$M72,"KV1",Q7:Q72) -> 82486008 | R73: =SUMIF($D3:$D52,"KV1",R7:R72) -> #N/A
K74: GGSN_KV2 | N74: =SUMIF($M7:$M72,"KV2",N7:N72) -> 55800000 | O74: =SUMIF($M7:$M72,"KV2",O7:O72) -> 2390000 | P74: =SUMIF($M7:$M72,"KV2",P7:P72) -> 2240000 | Q74: =SUMIF($M7:$M72,"KV2",Q7:Q72) -> #N/A | R74: =SUMIF($D3:$D52,"KV2",R7:R72) -> #N/A
K75: GGSN_KV3 | N75: =SUMIF($M7:$M72,"KV3",N7:N72) -> 66100000 | O75: =SUMIF($M7:$M72,"KV3",O7:O72) -> 3020000 | P75: =SUMIF($M7:$M72,"KV3",P7:P72) -> 2700000 | Q75: =SUMIF($M7:$M72,"KV3",Q7:Q72) -> #N/A | R75: =SUMIF($D3:$D52,"KV3",R7:R72) -> #N/A
K76: GGSN_TQ | N76: =SUM(N73:N75) -> 206000000 | O76: =SUM(O73:O75) -> 9020000 | P76: =SUM(P73:P75) -> 8140000 | Q76: =SUM(Q73:Q75) -> #N/A | R76: =SUM(R73:R75) -> #N/A

Sheet User_Guide
A1: TT | B1: Mục hướng dẫn | C1: File/script athena đính kèm | D1: Ghi chú
A2: 1 | B2: Hướng dẫn lấy dữ liệu NPMS đưa vào báo cáo
A3: 2 | B3: Hướng dẫn lấy dữ liệu NOCPRO đưa vào báo cáo
A4: 3 | B4: Hướng dẫn tạo báo cáo khi 1 node hoặc nhiều node thuộc cùng 1 TC hoặc CGNAT down | D4: Bao gồm cả GGSN và MME
A5: 4 | B5: Hướng dẫn lấy cấu hình tải đầu vào
B6: + Lấy rmc weight MME | C6: SELECT node, param_value FROM `eric_param` where type = 'modify_ne' and param ='rmc'
B7: + Lấy dns weight SPGW | C7: SELECT target, dnsname, weight FROM dns.include_srv where dnsname rlike '.zone' and node = 'idhk0102' ORDER BY target

Sheet Resource_GGSN_by_NPMS
E1: License (VHKT) | H1: 15/05/2023 | J1: 27/07/2024 | L1: =Input_TaiNguyenNode__GGSN_Daily!A4 -> 14/08/2024 | N1: Tỷ lệ sử dụng | P1: Tải GGSN sau khi cắt chuyển/cân tải | Y1: 0.82
A2: STT | B2: Node | C2: Vendor | D2: AREA CODE | E2: License Bear (License Node) | F2: License Throughput VHKT | G2: Total IPv4 | H2: Bear sử dụng | I2: Thgoughput | J2: Bear sử dụng | K2: Thgoughput | L2: Bear sử dụng | M2: Thgoughput | N2: %Bear | O2: %Throughput | P2: Bear sử dụng | Q2: Thgoughput | R2: %Bear | S2: %Throughput | T2: GGSN Mbps license (official) | U2: Total GGSN IPv4v6 Mbps | V2: Total GGSN IPv6 Mbps | W2: Total GGSN Mbps license | X2: CGNAT/FW Name | Y2: CGNAT/FW Mbps | Z2: CGNAT/FW Mbps license | AA2: %IPv6/Total | AB2: Hiệu suất (%) | AC2: Hiệu suất khi bypass IPv6 (%) | AD2: Current Weight | AE2: Actual Usage | AF2: ON/OFF | AG2: NEW WEIGHT | AH2: Change | AI2: HW/NFVI Site | AJ2: PEPS | AK2: Tăng/giảm
A3: 1 | B3: GGHL04 | C3: Ericsson | D3: KV1 | E3: =VLOOKUP(B3,Input_Lic_Rate_PS!K:P,4,FALSE) -> 1500000 | F3: =VLOOKUP(B3,Input_Lic_Rate_PS!K:R,5,FALSE) -> 80000 | G3: =VLOOKUP(B3,Input_Lic_Rate_PS!K:R,7,FALSE) -> 1755000 | H3: 1313668 | I3: 62642.24 | J3: 1440289 | K3: 62272.3 | L3: =VLOOKUP(B3,Input_TaiNguyenNode__GGSN_Daily!D:AB,13,FALSE) -> 1484134 | M3: =VLOOKUP(B3,Input_TaiNguyenNode__GGSN_Daily!D:AB,4,FALSE) -> 61702.46 | N3: =L3/E3 -> 0.98942267 | O3: =M3/F3 -> 0.77128075 | P3: =(L3+(AG3/SUM($AG$3:$AG$21)-AD3/SUM($AD$3:$AD$21))*SUM($L$3:$L$21))*AF3 -> #VALUE! | Q3: =(M3+(AG3/SUM($AG$3:$AG$21)-AD3/SUM($AD$3:$AD$21))*SUM($M$3:$M$21))*AF3 -> #VALUE! | R3: =P3/E3 -> #VALUE! | S3: =Q3/F3 -> #VALUE! | T3: 60000 | U3: =SUM(Q3:Q4) -> #VALUE! | V3: =VLOOKUP($B3,Input_TaiNguyenNode__GGSN_Daily!$D:$AC,8,FALSE)+VLOOKUP($B4,Input_TaiNguyenNode__GGSN_Daily!$D:$AC,8,FALSE) -> 67981.23 | W3: ='FW CGNAT_NPMS'!L4 -> 120000 | X3: ='FW CGNAT_NPMS'!M4 -> FWHL03/04 | Y3: =U3*$Y$1 -> #VALUE! | Z3: ='FW CGNAT_NPMS'!O4 -> 120000 | AA3: =V3/U3 -> #VALUE! | AB3: =Y3/Z3 -> #VALUE! | AC3: =(Y3-V3)/Z3 -> #VALUE! | AD3: =VLOOKUP(B3,idns_weight_PCSCF!A:B,2,FALSE) -> Ericsson | AE3: =M3/(SUM($M$3:$M$21))*SUM($AD$3:$AD$21) -> #N/A | AF3: 1 | AG3: 40 | AH3: =IF(AD3=AG3,"NO","YES") -> YES | AI3: =VLOOKUP(B3,Input_Lic_Rate_PS!K:S,9,FALSE) -> SSR 8020 | AJ3: =VLOOKUP(X3,QH_CGNAT_PEPS_incl_2024!$B$26:$K$84,10,FALSE) -> PE_PS_03/04 | AK3: =Q3-M3 -> #VALUE!
A4: 2 | B4: GGHL05 | C4: Ericsson | D4: KV1 | E4: =VLOOKUP(B4,Input_Lic_Rate_PS!K:P,4,FALSE) -> 1500000 | F4: =VLOOKUP(B4,Input_Lic_Rate_PS!K:R,5,FALSE) -> 80000 | G4: =VLOOKUP(B4,Input_Lic_Rate_PS!K:R,7,FALSE) -> 1703910 | H4: 1335656 | I4: 62521.71 | J4: 1446723 | K4: 62930.69 | L4: =VLOOKUP(B4,Input_TaiNguyenNode__GGSN_Daily!D:AB,13,FALSE) -> 1493881 | M4: =VLOOKUP(B4,Input_TaiNguyenNode__GGSN_Daily!D:AB,4,FALSE) -> 62571.8 | N4: =L4/E4 -> 0.99592067 | O4: =M4/F4 -> 0.7821475 | P4: =(L4+(AG4/SUM($AG$3:$AG$21)-AD4/SUM($AD$3:$AD$21))*SUM($L$3:$L$21))*AF4 -> #VALUE! | Q4: =(M4+(AG4/SUM($AG$3:$AG$21)-AD4/SUM($AD$3:$AD$21))*SUM($M$3:$M$21))*AF4 -> #VALUE! | R4: =P4/E4 -> #VALUE! | S4: =Q4/F4 -> #VALUE! | T4: 60000 | AD4: =VLOOKUP(B4,idns_weight_PCSCF!A:B,2,FALSE) -> Ericsson | AE4: =M4/(SUM($M$3:$M$21))*SUM($AD$3:$AD$21) -> #N/A | AF4: =IF(AG4=0,0,1) -> 1 | AG4: 40 | AH4: =IF(AD4=AG4,"NO","YES") -> YES | AI4: =VLOOKUP(B4,Input_Lic_Rate_PS!K:S,9,FALSE) -> SSR 8020 | AJ4: =VLOOKUP(X4,QH_CGNAT_PEPS_incl_2024!$B$26:$K$84,10,FALSE) -> #N/A | AK4: =Q4-M4 -> #VALUE!
A5: 3 | B5: GGHL06 | C5: Ericsson | D5: KV1 | E5: =VLOOKUP(B5,Input_Lic_Rate_PS!K:P,4,FALSE) -> 1500000 | F5: =VLOOKUP(B5,Input_Lic_Rate_PS!K:R,5,FALSE) -> 80000 | G5: =VLOOKUP(B5,Input_Lic_Rate_PS!K:R,7,FALSE) -> 0 | H5: 958861 | I5: 51754.36 | J5: 1362131 | K5: 55215.06 | L5: =VLOOKUP(B5,Input_TaiNguyenNode__GGSN_Daily!D:AB,13,FALSE) -> 1400477 | M5: =VLOOKUP(B5,Input_TaiNguyenNode__GGSN_Daily!D:AB,4,FALSE) -> 54843.18 | N5: =L5/E5 -> 0.93365133 | O5: =M5/F5 -> 0.68553975 | P5: =(L5+(AG5/SUM($AG$3:$AG$21)-AD5/SUM($AD$3:$AD$21))*SUM($L$3:$L$21))*AF5 -> #N/A | Q5: =(M5+(AG5/SUM($AG$3:$AG$21)-AD5/SUM($AD$3:$AD$21))*SUM($M$3:$M$21))*AF5 -> #N/A | R5: =P5/E5 -> #N/A | S5: =Q5/F5 -> #N/A | T5: 60000 | U5: =SUM(Q5:Q10) -> #N/A | V5: =VLOOKUP($B5,Input_TaiNguyenNode__GGSN_Daily!$D:$AC,8,FALSE)+VLOOKUP($B6,Input_TaiNguyenNode__GGSN_Daily!$D:$AC,8,FALSE)+VLOOKUP($B7,Input_TaiNguyenNode__GGSN_Daily!$D:$AC,8,FALSE)+VLOOKUP($B8,Input_TaiNguyenNode__GGSN_Daily!$D:$AC,8,FALSE)+SUM(M9:M10)*0.25 -> 179482.8 | W5: =SUM(T5:T10) -> 510000 | X5: CGNATHL01/02 | Y5: =U5*$Y$1 -> #N/A | Z5: =52*8000 -> 416000 | AA5: =V5/U5 -> #N/A | AB5: =Y5/Z5 -> #N/A | AC5: =(Y5-V5)/Z5 -> #N/A | AD5: =VLOOKUP(B5,idns_weight_PCSCF!A:B,2,FALSE) -> #N/A | AE5: =M5/(SUM($M$3:$M$21))*SUM($AD$3:$AD$21) -> #N/A | AF5: =IF(AG5=0,0,1) -> 1 | AG5: 30 | AH5: =IF(AD5=AG5,"NO","YES") -> #N/A | AI5: =VLOOKUP(B5,Input_Lic_Rate_PS!K:S,9,FALSE) -> SSR 8020 | AJ5: =VLOOKUP(X5,QH_CGNAT_PEPS_incl_2024!$B$26:$K$84,10,FALSE) -> PEDD05/06 | AK5: =Q5-M5 -> #N/A
A6: 4 | B6: GGHL07 | C6: Ericsson | D6: KV1 | E6: =VLOOKUP(B6,Input_Lic_Rate_PS!K:P,4,FALSE) -> 1500000 | F6: =VLOOKUP(B6,Input_Lic_Rate_PS!K:R,5,FALSE) -> 80000 | G6: =VLOOKUP(B6,Input_Lic_Rate_PS!K:R,7,FALSE) -> 1690000 | H6: 1246778 | I6: 54999.08 | J6: 1397821 | K6: 60632.77 | L6: =VLOOKUP(B6,Input_TaiNguyenNode__GGSN_Daily!D:AB,13,FALSE) -> 1439348 | M6: =VLOOKUP(B6,Input_TaiNguyenNode__GGSN_Daily!D:AB,4,FALSE) -> 61411.57 | N6: =L6/E6 -> 0.95956533 | O6: =M6/F6 -> 0.76764462 | P6: =(L6+(AG6/SUM($AG$3:$AG$21)-AD6/SUM($AD$3:$AD$21))*SUM($L$3:$L$21))*AF6 -> #VALUE! | Q6: =(M6+(AG6/SUM($AG$3:$AG$21)-AD6/SUM($AD$3:$AD$21))*SUM($M$3:$M$21))*AF6 -> #VALUE! | R6: =P6/E6 -> #VALUE! | S6: =Q6/F6 -> #VALUE! | T6: 60000 | AD6: =VLOOKUP(B6,idns_weight_PCSCF!A:B,2,FALSE) -> Ericsson | AE6: =M6/(SUM($M$3:$M$21))*SUM($AD$3:$AD$21) -> #N/A | AF6: =IF(AG6=0,0,1) -> 1 | AG6: 35 | AH6: =IF(AD6=AG6,"NO","YES") -> YES | AI6: =VLOOKUP(B6,Input_Lic_Rate_PS!K:S,9,FALSE) -> SSR 8020 | AJ6: =VLOOKUP(X6,QH_CGNAT_PEPS_incl_2024!$B$26:$K$84,10,FALSE) -> #N/A | AK6: =Q6-M6 -> #VALUE!
A7: 5 | B7: GGHL11 | C7: Ericsson | D7: KV1 | E7: =VLOOKUP(B7,Input_Lic_Rate_PS!K:P,4,FALSE) -> 2800000 | F7: =VLOOKUP(B7,Input_Lic_Rate_PS!K:R,5,FALSE) -> 150000 | G7: =VLOOKUP(B7,Input_Lic_Rate_PS!K:R,7,FALSE) -> 2990000 | H7: 2280094 | I7: 103611.02 | J7: 2643569 | K7: 109232.05 | L7: =VLOOKUP(B7,Input_TaiNguyenNode__GGSN_Daily!D:AB,13,FALSE) -> 2730393 | M7: =VLOOKUP(B7,Input_TaiNguyenNode__GGSN_Daily!D:AB,4,FALSE) -> 108911.94 | N7: =L7/E7 -> 0.97514036 | O7: =M7/F7 -> 0.7260796 | P7: =(L7+(AG7/SUM($AG$3:$AG$21)-AD7/SUM($AD$3:$AD$21))*SUM($L$3:$L$21))*AF7 -> #VALUE! | Q7: =(M7+(AG7/SUM($AG$3:$AG$21)-AD7/SUM($AD$3:$AD$21))*SUM($M$3:$M$21))*AF7 -> #VALUE! | R7: =P7/E7 -> #VALUE! | S7: =Q7/F7 -> #VALUE! | T7: 135000 | V7: =VLOOKUP($B7,Input_TaiNguyenNode__GGSN_Daily!$D:$AC,8,FALSE)+VLOOKUP($B8,Input_TaiNguyenNode__GGSN_Daily!$D:$AC,8,FALSE) -> 118823.68 | AD7: =VLOOKUP(B7,idns_weight_PCSCF!A:B,2,FALSE) -> Ericsson | AE7: =M7/(SUM($M$3:$M$21))*SUM($AD$3:$AD$21) -> #N/A | AF7: =IF(AG7=0,0,1) -> 1 | AG7: 80 | AH7: =IF(AD7=AG7,"NO","YES") -> YES | AI7: =VLOOKUP(B7,Input_Lic_Rate_PS!K:S,9,FALSE) -> SSR 8020 | AJ7: =VLOOKUP(X7,QH_CGNAT_PEPS_incl_2024!$B$26:$K$84,10,FALSE) -> #N/A | AK7: =Q7-M7 -> #VALUE!
A8: 6 | B8: GGHL12 | C8: Ericsson | D8: KV1 | E8: =VLOOKUP(B8,Input_Lic_Rate_PS!K:P,4,FALSE) -> 2800000 | F8: =VLOOKUP(B8,Input_Lic_Rate_PS!K:R,5,FALSE) -> 150000 | G8: =VLOOKUP(B8,Input_Lic_Rate_PS!K:R,7,FALSE) -> 2990000 | H8: 2322234 | I8: 104864.67 | J8: 2651296 | K8: 109621.21 | L8: =VLOOKUP(B8,Input_TaiNguyenNode__GGSN_Daily!D:AB,13,FALSE) -> 2740138 | M8: =VLOOKUP(B8,Input_TaiNguyenNode__GGSN_Daily!D:AB,4,FALSE) -> 108850.65 | N8: =L8/E8 -> 0.97862071 | O8: =M8/F8 -> 0.725671 | P8: =(L8+(AG8/SUM($AG$3:$AG$21)-AD8/SUM($AD$3:$AD$21))*SUM($L$3:$L$21))*AF8 -> #VALUE! | Q8: =(M8+(AG8/SUM($AG$3:$AG$21)-AD8/SUM($AD$3:$AD$21))*SUM($M$3:$M$21))*AF8 -> #VALUE! | R8: =P8/E8 -> #VALUE! | S8: =Q8/F8 -> #VALUE! | T8: 135000 | AD8: =VLOOKUP(B8,idns_weight_PCSCF!A:B,2,FALSE) -> Ericsson | AE8: =M8/(SUM($M$3:$M$21))*SUM($AD$3:$AD$21) -> #N/A | AF8: =IF(AG8=0,0,1) -> 1 | AG8: 80 | AH8: =IF(AD8=AG8,"NO","YES") -> YES | AI8: =VLOOKUP(B8,Input_Lic_Rate_PS!K:S,9,FALSE) -> SSR 8020 | AJ8: =VLOOKUP(X8,QH_CGNAT_PEPS_incl_2024!$B$26:$K$84,10,FALSE) -> #N/A | AK8: =Q8-M8 -> #VALUE!
A9: 7 | B9: GGHL19 | C9: VHT | D9: KV1 | E9: 1500000 | F9: 60000 | G9: =VLOOKUP(B9,Input_Lic_Rate_PS!K:R,7,FALSE) -> 1500000 | H9: 675456 | I9: 50445.35 | J9: 78051 | K9: 4343.11 | L9: =VLOOKUP(B9,Input_TaiNguyenNode__GGSN_Daily!D:AB,13,FALSE) -> 33212 | M9: =VLOOKUP(B9,Input_TaiNguyenNode__GGSN_Daily!D:AB,4,FALSE) -> 2071.56 | N9: =L9/E9 -> 0.022141333 | O9: =M9/F9 -> 0.034526 | P9: =L9 -> 33212 | Q9: =M9 -> 2071.56 | R9: =P9/E9 -> 0.022141333 | S9: =Q9/F9 -> 0.034526 | T9: 60000 | V9: =VLOOKUP($B9,Input_TaiNguyenNode__GGSN_Daily!$D:$AC,8,FALSE)+VLOOKUP($B10,Input_TaiNguyenNode__GGSN_Daily!$D:$AC,8,FALSE) -> 0 | AD9: =VLOOKUP(B9,idns_weight_PCSCF!A:B,2,FALSE) -> #N/A | AE9: =M9/(SUM($M$3:$M$21))*SUM($AD$3:$AD$21) -> #N/A | AF9: =IF(AG9=0,0,1) -> 1 | AG9: 10 | AH9: =IF(AD9=AG9,"NO","YES") -> #N/A | AI9: =VLOOKUP(B9,Input_Lic_Rate_PS!K:S,9,FALSE) -> VHT | AJ9: =VLOOKUP(X9,QH_CGNAT_PEPS_incl_2024!$B$26:$K$84,10,FALSE) -> #N/A | AK9: =Q9-M9 -> 0
A10: 8 | B10: GGHL20 | C10: VHT | D10: KV1 | E10: 1500000 | F10: 60000 | G10: =VLOOKUP(B10,Input_Lic_Rate_PS!K:R,7,FALSE) -> 1114032 | H10: 226668 | I10: 15602.85 | J10: 76800 | K10: 4941.29 | L10: =VLOOKUP(B10,Input_TaiNguyenNode__GGSN_Daily!D:AB,13,FALSE) -> 86154 | M10: =VLOOKUP(B10,Input_TaiNguyenNode__GGSN_Daily!D:AB,4,FALSE) -> 5797.92 | N10: =L10/E10 -> 0.057436 | O10: =M10/F10 -> 0.096632 | P10: =L10 -> 86154 | Q10: =M10 -> 5797.92 | R10: =P10/E10 -> 0.057436 | S10: =Q10/F10 -> 0.096632 | T10: 60000 | AD10: =VLOOKUP(B10,idns_weight_PCSCF!A:B,2,FALSE) -> #N/A | AE10: =M10/(SUM($M$3:$M$21))*SUM($AD$3:$AD$21) -> #N/A | AF10: =IF(AG10=0,0,1) -> 1 | AG10: 10 | AH10: =IF(AD10=AG10,"NO","YES") -> #N/A | AI10: =VLOOKUP(B10,Input_Lic_Rate_PS!K:S,9,FALSE) -> VHT | AJ10: =VLOOKUP(X10,QH_CGNAT_PEPS_incl_2024!$B$26:$K$84,10,FALSE) -> #N/A | AK10: =Q10-M10 -> 0
A11: 9 | B11: GGHL08 | C11: Ericsson | D11: KV1 | E11: =VLOOKUP(B11,Input_Lic_Rate_PS!K:P,4,FALSE) -> 2800000 | F11: =VLOOKUP(B11,Input_Lic_Rate_PS!K:R,5,FALSE) -> 150000 | G11: =VLOOKUP(B11,Input_Lic_Rate_PS!K:R,7,FALSE) -> 2990000 | H11: 2288537 | I11: 105245.36 | J11: 2632214 | K11: 109790.74 | L11: =VLOOKUP(B11,Input_TaiNguyenNode__GGSN_Daily!D:AB,13,FALSE) -> 2721489 | M11: =VLOOKUP(B11,Input_TaiNguyenNode__GGSN_Daily!D:AB,4,FALSE) -> 108445.23 | N11: =L11/E11 -> 0.97196036 | O11: =M11/F11 -> 0.7229682 | P11: =(L11+(AG11/SUM($AG$3:$AG$21)-AD11/SUM($AD$3:$AD$21))*SUM($L$3:$L$21))*AF11 -> #VALUE! | Q11: =(M11+(AG11/SUM($AG$3:$AG$21)-AD11/SUM($AD$3:$AD$21))*SUM($M$3:$M$21))*AF11 -> #VALUE! | R11: =P11/E11 -> #VALUE! | S11: =Q11/F11 -> #VALUE! | T11: 135000 | U11: =SUM(Q11:Q13) -> #VALUE! | V11: =VLOOKUP($B11,Input_TaiNguyenNode__GGSN_Daily!$D:$AC,8,FALSE)+VLOOKUP($B12,Input_TaiNguyenNode__GGSN_Daily!$D:$AC,8,FALSE)+VLOOKUP($B13,Input_TaiNguyenNode__GGSN_Daily!$D:$AC,8,FALSE) -> 156885.14 | W11: =SUM(T11:T13) -> 370000 | X11: CGNAT HNI5 (CGNATHL15/16) | Y11: =U11*$Y$1 -> #VALUE! | Z11: 300000 | AA11: =V11/U11 -> #VALUE! | AB11: =Y11/Z11 -> #VALUE! | AC11: =(Y11-V11)/Z11 -> #VALUE! | AD11: =VLOOKUP(B11,idns_weight_PCSCF!A:B,2,FALSE) -> Ericsson | AE11: =M11/(SUM($M$3:$M$21))*SUM($AD$3:$AD$21) -> #N/A | AF11: =IF(AG11=0,0,1) -> 1 | AG11: 80 | AH11: =IF(AD11=AG11,"NO","YES") -> YES | AI11: =VLOOKUP(B11,Input_Lic_Rate_PS!K:S,9,FALSE) -> SSR 8020 | AJ11: =VLOOKUP(X11,QH_CGNAT_PEPS_incl_2024!$B$26:$K$84,10,FALSE) -> PEDD05/06 | AK11: =Q11-M11 -> #VALUE!
A12: 10 | B12: GGHL09 | C12: Ericsson | D12: KV1 | E12: =VLOOKUP(B12,Input_Lic_Rate_PS!K:P,4,FALSE) -> 2800000 | F12: =VLOOKUP(B12,Input_Lic_Rate_PS!K:R,5,FALSE) -> 150000 | G12: =VLOOKUP(B12,Input_Lic_Rate_PS!K:R,7,FALSE) -> 2990000 | H12: 2305694 | I12: 105431.98 | J12: 2642290 | K12: 107814.61 | L12: =VLOOKUP(B12,Input_TaiNguyenNode__GGSN_Daily!D:AB,13,FALSE) -> 2730753 | M12: =VLOOKUP(B12,Input_TaiNguyenNode__GGSN_Daily!D:AB,4,FALSE) -> 106231.56 | N12: =L12/E12 -> 0.97526893 | O12: =M12/F12 -> 0.7082104 | P12: =(L12+(AG12/SUM($AG$3:$AG$21)-AD12/SUM($AD$3:$AD$21))*SUM($L$3:$L$21))*AF12 -> #VALUE! | Q12: =(M12+(AG12/SUM($AG$3:$AG$21)-AD12/SUM($AD$3:$AD$21))*SUM($M$3:$M$21))*AF12 -> #VALUE! | R12: =P12/E12 -> #VALUE! | S12: =Q12/F12 -> #VALUE! | T12: 135000 | AD12: =VLOOKUP(B12,idns_weight_PCSCF!A:B,2,FALSE) -> Ericsson | AE12: =M12/(SUM($M$3:$M$21))*SUM($AD$3:$AD$21) -> #N/A | AF12: =IF(AG12=0,0,1) -> 1 | AG12: 70 | AH12: =IF(AD12=AG12,"NO","YES") -> YES | AI12: =VLOOKUP(B12,Input_Lic_Rate_PS!K:S,9,FALSE) -> SSR 8020 | AJ12: =VLOOKUP(X12,QH_CGNAT_PEPS_incl_2024!$B$26:$K$84,10,FALSE) -> #N/A | AK12: =Q12-M12 -> #VALUE!
A13: 11 | B13: GGHL10 | C13: Ericsson | D13: KV1 | E13: =VLOOKUP(B13,Input_Lic_Rate_PS!K:P,4,FALSE) -> 2400000 | F13: =VLOOKUP(B13,Input_Lic_Rate_PS!K:R,5,FALSE) -> 100000 | G13: =VLOOKUP(B13,Input_Lic_Rate_PS!K:R,7,FALSE) -> 2470000 | H13: 1164871 | I13: 52095.31 | J13: 1963571 | K13: 77014.8 | L13: =VLOOKUP(B13,Input_TaiNguyenNode__GGSN_Daily!D:AB,13,FALSE) -> 2042447 | M13: =VLOOKUP(B13,Input_TaiNguyenNode__GGSN_Daily!D:AB,4,FALSE) -> 77001.42 | N13: =L13/E13 -> 0.85101958 | O13: =M13/F13 -> 0.7700142 | P13: =(L13+(AG13/SUM($AG$3:$AG$21)-AD13/SUM($AD$3:$AD$21))*SUM($L$3:$L$21))*AF13 -> #VALUE! | Q13: =(M13+(AG13/SUM($AG$3:$AG$21)-AD13/SUM($AD$3:$AD$21))*SUM($M$3:$M$21))*AF13 -> #VALUE! | R13: =P13/E13 -> #VALUE! | S13: =Q13/F13 -> #VALUE! | T13: 100000 | AD13: =VLOOKUP(B13,idns_weight_PCSCF!A:B,2,FALSE) -> Ericsson | AE13: =M13/(SUM($M$3:$M$21))*SUM($AD$3:$AD$21) -> #N/A | AF13: =IF(AG13=0,0,1) -> 1 | AG13: 70 | AH13: =IF(AD13=AG13,"NO","YES") -> YES | AI13: =VLOOKUP(B13,Input_Lic_Rate_PS!K:S,9,FALSE) -> SSR 8020 | AJ13: =VLOOKUP(X13,QH_CGNAT_PEPS_incl_2024!$B$26:$K$84,10,FALSE) -> #N/A | AK13: =Q13-M13 -> #VALUE!
A14: 12 | B14: GGHL13 | C14: Ericsson | D14: KV1 | E14: =VLOOKUP(B14,Input_Lic_Rate_PS!K:P,4,FALSE) -> 4000000 | F14: =VLOOKUP(B14,Input_Lic_Rate_PS!K:R,5,FALSE) -> 180000 | G14: =VLOOKUP(B14,Input_Lic_Rate_PS!K:R,7,FALSE) -> 4063232 | H14: 2435908 | I14: 114809.6 | J14: 2940925 | K14: 126478.21 | L14: =VLOOKUP(B14,Input_TaiNguyenNode__GGSN_Daily!D:AB,13,FALSE) -> 3031313 | M14: =VLOOKUP(B14,Input_TaiNguyenNode__GGSN_Daily!D:AB,4,FALSE) -> 124189 | N14: =L14/E14 -> 0.75782825 | O14: =M14/F14 -> 0.68993889 | P14: =(L14+(AG14/SUM($AG$3:$AG$21)-AD14/SUM($AD$3:$AD$21))*SUM($L$3:$L$21))*AF14 -> #VALUE! | Q14: =(M14+(AG14/SUM($AG$3:$AG$21)-AD14/SUM($AD$3:$AD$21))*SUM($M$3:$M$21))*AF14 -> #VALUE! | R14: =P14/E14 -> #VALUE! | S14: =Q14/F14 -> #VALUE! | T14: 200000 | U14: =SUM(Q14:Q15) -> #VALUE! | V14: =VLOOKUP($B14,Input_TaiNguyenNode__GGSN_Daily!$D:$AC,8,FALSE)+VLOOKUP($B15,Input_TaiNguyenNode__GGSN_Daily!$D:$AC,8,FALSE) -> 135819.7 | W14: =SUM(T14:T15) -> 400000 | X14: CGNAT HNI3 (CGNATHL11/12) | Y14: =U14*$Y$1 -> #VALUE! | Z14: 103000 | AA14: =V14/U14 -> #VALUE! | AB14: =Y14/Z14 -> #VALUE! | AC14: =(Y14-V14)/Z14 -> #VALUE! | AD14: =VLOOKUP(B14,idns_weight_PCSCF!A:B,2,FALSE) -> Ericsson | AE14: =M14/(SUM($M$3:$M$21))*SUM($AD$3:$AD$21) -> #N/A | AF14: =IF(AG14=0,0,1) -> 1 | AG14: 100 | AH14: =IF(AD14=AG14,"NO","YES") -> YES | AI14: =VLOOKUP(B14,Input_Lic_Rate_PS!K:S,9,FALSE) -> TCHL01 | AJ14: =VLOOKUP(X14,QH_CGNAT_PEPS_incl_2024!$B$26:$K$84,10,FALSE) -> PEPS05/06 | AK14: =Q14-M14 -> #VALUE!
A15: 13 | B15: GGHL16 | C15: Ericsson | D15: KV1 | E15: =VLOOKUP(B15,Input_Lic_Rate_PS!K:P,4,FALSE) -> 4000000 | F15: =VLOOKUP(B15,Input_Lic_Rate_PS!K:R,5,FALSE) -> 180000 | G15: =VLOOKUP(B15,Input_Lic_Rate_PS!K:R,7,FALSE) -> 4063232 | H15: 2602818 | I15: 114790.95 | J15: 2991961 | K15: 127138.4 | L15: =VLOOKUP(B15,Input_TaiNguyenNode__GGSN_Daily!D:AB,13,FALSE) -> 3092211 | M15: =VLOOKUP(B15,Input_TaiNguyenNode__GGSN_Daily!D:AB,4,FALSE) -> 126166.51 | N15: =L15/E15 -> 0.77305275 | O15: =M15/F15 -> 0.70092506 | P15: =(L15+(AG15/SUM($AG$3:$AG$21)-AD15/SUM($AD$3:$AD$21))*SUM($L$3:$L$21))*AF15 -> #VALUE! | Q15: =(M15+(AG15/SUM($AG$3:$AG$21)-AD15/SUM($AD$3:$AD$21))*SUM($M$3:$M$21))*AF15 -> #VALUE! | R15: =P15/E15 -> #VALUE! | S15: =Q15/F15 -> #VALUE! | T15: 200000 | AD15: =VLOOKUP(B15,idns_weight_PCSCF!A:B,2,FALSE) -> Ericsson | AE15: =M15/(SUM($M$3:$M$21))*SUM($AD$3:$AD$21) -> #N/A | AF15: =IF(AG15=0,0,1) -> 1 | AG15: 100 | AH15: =IF(AD15=AG15,"NO","YES") -> YES | AI15: =VLOOKUP(B15,Input_Lic_Rate_PS!K:S,9,FALSE) -> TCHL02 | AJ15: =VLOOKUP(X15,QH_CGNAT_PEPS_incl_2024!$B$26:$K$84,10,FALSE) -> #N/A | AK15: =Q15-M15 -> #VALUE!
A16: 14 | B16: GGHL14 | C16: Ericsson | D16: KV1 | E16: =VLOOKUP(B16,Input_Lic_Rate_PS!K:P,4,FALSE) -> 4000000 | F16: =VLOOKUP(B16,Input_Lic_Rate_PS!K:R,5,FALSE) -> 180000 | G16: =VLOOKUP(B16,Input_Lic_Rate_PS!K:R,7,FALSE) -> 4063232 | H16: 2448450 | I16: 114652.02 | J16: 2937252 | K16: 126707.14 | L16: =VLOOKUP(B16,Input_TaiNguyenNode__GGSN_Daily!D:AB,13,FALSE) -> 3037553 | M16: =VLOOKUP(B16,Input_TaiNguyenNode__GGSN_Daily!D:AB,4,FALSE) -> 125106.69 | N16: =L16/E16 -> 0.75938825 | O16: =M16/F16 -> 0.69503717 | P16: =(L16+(AG16/SUM($AG$3:$AG$21)-AD16/SUM($AD$3:$AD$21))*SUM($L$3:$L$21))*AF16 -> #VALUE! | Q16: =(M16+(AG16/SUM($AG$3:$AG$21)-AD16/SUM($AD$3:$AD$21))*SUM($M$3:$M$21))*AF16 -> #VALUE! | R16: =P16/E16 -> #VALUE! | S16: =Q16/F16 -> #VALUE! | T16: 200000 | U16: =SUM(Q16:Q18) -> #VALUE! | V16: =VLOOKUP($B16,Input_TaiNguyenNode__GGSN_Daily!$D:$AC,8,FALSE)+VLOOKUP($B17,Input_TaiNguyenNode__GGSN_Daily!$D:$AC,8,FALSE)+VLOOKUP($B18,Input_TaiNguyenNode__GGSN_Daily!$D:$AC,8,FALSE) -> 200833.97 | W16: =SUM(T16:T18) -> 600000 | X16: CGNAT HNI1 (CGNATHL07/08) | Y16: =U16*$Y$1 -> #VALUE! | Z16: 416000 | AA16: =V16/U16 -> #VALUE! | AB16: =Y16/Z16 -> #VALUE! | AC16: =(Y16-V16)/Z16 -> #VALUE! | AD16: =VLOOKUP(B16,idns_weight_PCSCF!A:B,2,FALSE) -> Ericsson | AE16: =M16/(SUM($M$3:$M$21))*SUM($AD$3:$AD$21) -> #N/A | AF16: =IF(AG16=0,0,1) -> 1 | AG16: 100 | AH16: =IF(AD16=AG16,"NO","YES") -> YES | AI16: =VLOOKUP(B16,Input_Lic_Rate_PS!K:S,9,FALSE) -> TCHL01 | AJ16: =VLOOKUP(X16,QH_CGNAT_PEPS_incl_2024!$B$26:$K$84,10,FALSE) -> PEPS05/06 | AK16: =Q16-M16 -> #VALUE!
A17: 15 | B17: GGHL17 | C17: Ericsson | D17: KV1 | E17: =VLOOKUP(B17,Input_Lic_Rate_PS!K:P,4,FALSE) -> 4000000 | F17: =VLOOKUP(B17,Input_Lic_Rate_PS!K:R,5,FALSE) -> 180000 | G17: =VLOOKUP(B17,Input_Lic_Rate_PS!K:R,7,FALSE) -> 4063232 | H17: 2964876 | I17: 137507.43 | J17: 3046366 | K17: 121973.01 | L17: =VLOOKUP(B17,Input_TaiNguyenNode__GGSN_Daily!D:AB,13,FALSE) -> 3139886 | M17: =VLOOKUP(B17,Input_TaiNguyenNode__GGSN_Daily!D:AB,4,FALSE) -> 121080.75 | N17: =L17/E17 -> 0.7849715 | O17: =M17/F17 -> 0.67267083 | P17: =(L17+(AG17/SUM($AG$3:$AG$21)-AD17/SUM($AD$3:$AD$21))*SUM($L$3:$L$21))*AF17 -> #VALUE! | Q17: =(M17+(AG17/SUM($AG$3:$AG$21)-AD17/SUM($AD$3:$AD$21))*SUM($M$3:$M$21))*AF17 -> #VALUE! | R17: =P17/E17 -> #VALUE! | S17: =Q17/F17 -> #VALUE! | T17: 200000 | AD17: =VLOOKUP(B17,idns_weight_PCSCF!A:B,2,FALSE) -> Ericsson | AE17: =M17/(SUM($M$3:$M$21))*SUM($AD$3:$AD$21) -> #N/A | AF17: =IF(AG17=0,0,1) -> 1 | AG17: 100 | AH17: =IF(AD17=AG17,"NO","YES") -> YES | AI17: =VLOOKUP(B17,Input_Lic_Rate_PS!K:S,9,FALSE) -> TCHL01 | AJ17: =VLOOKUP(X17,QH_CGNAT_PEPS_incl_2024!$B$26:$K$84,10,FALSE) -> #N/A | AK17: =Q17-M17 -> #VALUE!
A18: 16 | B18: GGHL18 | C18: Ericsson | D18: KV1 | E18: =VLOOKUP(B18,Input_Lic_Rate_PS!K:P,4,FALSE) -> 4000000 | F18: =VLOOKUP(B18,Input_Lic_Rate_PS!K:R,5,FALSE) -> 180000 | G18: =VLOOKUP(B18,Input_Lic_Rate_PS!K:R,7,FALSE) -> 4063232 | H18: 2972228 | I18: 137082.26 | J18: 3064056 | K18: 122934.31 | L18: =VLOOKUP(B18,Input_TaiNguyenNode__GGSN_Daily!D:AB,13,FALSE) -> 3147582 | M18: =VLOOKUP(B18,Input_TaiNguyenNode__GGSN_Daily!D:AB,4,FALSE) -> 121152.19 | N18: =L18/E18 -> 0.7868955 | O18: =M18/F18 -> 0.67306772 | P18: =(L18+(AG18/SUM($AG$3:$AG$21)-AD18/SUM($AD$3:$AD$21))*SUM($L$3:$L$21))*AF18 -> #VALUE! | Q18: =(M18+(AG18/SUM($AG$3:$AG$21)-AD18/SUM($AD$3:$AD$21))*SUM($M$3:$M$21))*AF18 -> #VALUE! | R18: =P18/E18 -> #VALUE! | S18: =Q18/F18 -> #VALUE! | T18: 200000 | AD18: =VLOOKUP(B18,idns_weight_PCSCF!A:B,2,FALSE) -> Ericsson | AE18: =M18/(SUM($M$3:$M$21))*SUM($AD$3:$AD$21) -> #N/A | AF18: =IF(AG18=0,0,1) -> 1 | AG18: 100 | AH18: =IF(AD18=AG18,"NO","YES") -> YES | AI18: =VLOOKUP(B18,Input_Lic_Rate_PS!K:S,9,FALSE) -> TCHL01 | AJ18: =VLOOKUP(X18,QH_CGNAT_PEPS_incl_2024!$B$26:$K$84,10,FALSE) -> #N/A | AK18: =Q18-M18 -> #VALUE!
A19: 17 | B19: GGHL15 | C19: Ericsson | D19: KV1 | E19: =VLOOKUP(B19,Input_Lic_Rate_PS!K:P,4,FALSE) -> 4000000 | F19: =VLOOKUP(B19,Input_Lic_Rate_PS!K:R,5,FALSE) -> 180000 | G19: =VLOOKUP(B19,Input_Lic_Rate_PS!K:R,7,FALSE) -> 4063232 | H19: 2581983 | I19: 114933.86 | J19: 2960312 | K19: 126691.14 | L19: =VLOOKUP(B19,Input_TaiNguyenNode__GGSN_Daily!D:AB,13,FALSE) -> 3058420 | M19: =VLOOKUP(B19,Input_TaiNguyenNode__GGSN_Daily!D:AB,4,FALSE) -> 125682.64 | N19: =L19/E19 -> 0.764605 | O19: =M19/F19 -> 0.69823689 | P19: =(L19+(AG19/SUM($AG$3:$AG$21)-AD19/SUM($AD$3:$AD$21))*SUM($L$3:$L$21))*AF19 -> #VALUE! | Q19: =(M19+(AG19/SUM($AG$3:$AG$21)-AD19/SUM($AD$3:$AD$21))*SUM($M$3:$M$21))*AF19 -> #VALUE! | R19: =P19/E19 -> #VALUE! | S19: =Q19/F19 -> #VALUE! | T19: 200000 | U19: =SUM(Q19:Q21) -> #VALUE! | V19: =VLOOKUP($B19,Input_TaiNguyenNode__GGSN_Daily!$D:$AC,8,FALSE)+VLOOKUP($B20,Input_TaiNguyenNode__GGSN_Daily!$D:$AC,8,FALSE)+VLOOKUP($B21,Input_TaiNguyenNode__GGSN_Daily!$D:$AC,8,FALSE) -> 203254.69 | W19: =SUM(T19:T21) -> 600000 | X19: CGNAT HNI2 (CGNATHL09/10) | Y19: =U19*$Y$1 -> #VALUE! | Z19: 416000 | AA19: =V19/U19 -> #VALUE! | AB19: =Y19/Z19 -> #VALUE! | AC19: =(Y19-V19)/Z19 -> #VALUE! | AD19: =VLOOKUP(B19,idns_weight_PCSCF!A:B,2,FALSE) -> Ericsson | AE19: =M19/(SUM($M$3:$M$21))*SUM($AD$3:$AD$21) -> #N/A | AF19: =IF(AG19=0,0,1) -> 1 | AG19: 100 | AH19: =IF(AD19=AG19,"NO","YES") -> YES | AI19: =VLOOKUP(B19,Input_Lic_Rate_PS!K:S,9,FALSE) -> TCHL02 | AJ19: =VLOOKUP(X19,QH_CGNAT_PEPS_incl_2024!$B$26:$K$84,10,FALSE) -> PEPS05/06 | AK19: =Q19-M19 -> #VALUE!
A20: 18 | B20: GGHL25 | C20: Ericsson | D20: KV1 | E20: =VLOOKUP(B20,Input_Lic_Rate_PS!K:P,4,FALSE) -> 4000000 | F20: =VLOOKUP(B20,Input_Lic_Rate_PS!K:R,5,FALSE) -> 180000 | G20: =VLOOKUP(B20,Input_Lic_Rate_PS!K:R,7,FALSE) -> 4063232 | H20: 2883301 | I20: 126842.78 | J20: 3079097 | K20: 123011.64 | L20: =VLOOKUP(B20,Input_TaiNguyenNode__GGSN_Daily!D:AB,13,FALSE) -> 3195879 | M20: =VLOOKUP(B20,Input_TaiNguyenNode__GGSN_Daily!D:AB,4,FALSE) -> 122857.77 | N20: =L20/E20 -> 0.79896975 | O20: =M20/F20 -> 0.68254317 | P20: =(L20+(AG20/SUM($AG$3:$AG$21)-AD20/SUM($AD$3:$AD$21))*SUM($L$3:$L$21))*AF20 -> #VALUE! | Q20: =(M20+(AG20/SUM($AG$3:$AG$21)-AD20/SUM($AD$3:$AD$21))*SUM($M$3:$M$21))*AF20 -> #VALUE! | R20: =P20/E20 -> #VALUE! | S20: =Q20/F20 -> #VALUE! | T20: 200000 | AD20: =VLOOKUP(B20,idns_weight_PCSCF!A:B,2,FALSE) -> Ericsson | AE20: =M20/(SUM($M$3:$M$21))*SUM($AD$3:$AD$21) -> #N/A | AF20: =IF(AG20=0,0,1) -> 1 | AG20: 100 | AH20: =IF(AD20=AG20,"NO","YES") -> YES | AI20: =VLOOKUP(B20,Input_Lic_Rate_PS!K:S,9,FALSE) -> TCHL02 | AJ20: =VLOOKUP(X20,QH_CGNAT_PEPS_incl_2024!$B$26:$K$84,10,FALSE) -> #N/A | AK20: =Q20-M20 -> #VALUE!
A21: 19 | B21: GGHL26 | C21: Ericsson | D21: KV1 | E21: =VLOOKUP(B21,Input_Lic_Rate_PS!K:P,4,FALSE) -> 4000000 | F21: =VLOOKUP(B21,Input_Lic_Rate_PS!K:R,5,FALSE) -> 180000 | G21: =VLOOKUP(B21,Input_Lic_Rate_PS!K:R,7,FALSE) -> 3538890 | J21: 3103122 | K21: 123399.43 | L21: =VLOOKUP(B21,Input_TaiNguyenNode__GGSN_Daily!D:AB,13,FALSE) -> 3189850 | M21: =VLOOKUP(B21,Input_TaiNguyenNode__GGSN_Daily!D:AB,4,FALSE) -> 121311.25 | N21: =L21/E21 -> 0.7974625 | O21: =M21/F21 -> 0.67395139 | P21: =(L21+(AG21/SUM($AG$3:$AG$21)-AD21/SUM($AD$3:$AD$21))*SUM($L$3:$L$21))*AF21 -> #VALUE! | Q21: =(M21+(AG21/SUM($AG$3:$AG$21)-AD21/SUM($AD$3:$AD$21))*SUM($M$3:$M$21))*AF21 -> #VALUE! | R21: =P21/E21 -> #VALUE! | S21: =Q21/F21 -> #VALUE! | T21: 200000 | AD21: =VLOOKUP(B21,idns_weight_PCSCF!A:B,2,FALSE) -> Ericsson | AE21: =M21/(SUM($M$3:$M$21))*SUM($AD$3:$AD$21) -> #N/A | AF21: =IF(AG21=0,0,1) -> 1 | AG21: 100 | AH21: =IF(AD21=AG21,"NO","YES") -> YES | AI21: =VLOOKUP(B21,Input_Lic_Rate_PS!K:S,9,FALSE) -> TCHL02 | AJ21: =VLOOKUP(X21,QH_CGNAT_PEPS_incl_2024!$B$26:$K$84,10,FALSE) -> #N/A | AK21: =Q21-M21 -> #VALUE!
A22: 20 | B22: GGHK01 | C22: Ericsson | D22: KV2 | E22: =VLOOKUP(B22,Input_Lic_Rate_PS!K:P,4,FALSE) -> 1500000 | F22: =VLOOKUP(B22,Input_Lic_Rate_PS!K:R,5,FALSE) -> 80000 | G22: =VLOOKUP(B22,Input_Lic_Rate_PS!K:R,7,FALSE) -> 1690000 | H22: 1212168 | I22: 70665.74 | J22: 1092436 | K22: 51276.49 | L22: =VLOOKUP(B22,Input_TaiNguyenNode__GGSN_Daily!D:AB,13,FALSE) -> 1077283 | M22: =VLOOKUP(B22,Input_TaiNguyenNode__GGSN_Daily!D:AB,4,FALSE) -> 49123.78 | N22: =L22/E22 -> 0.71818867 | O22: =M22/F22 -> 0.61404725 | P22: =(L22+(AG22/SUM($AG$22:$AG$28)-AD22/SUM($AD$22:$AD$28))*SUM($L$22:$L$28))*AF22 -> #VALUE! | Q22: =(M22+(AG22/SUM($AG$22:$AG$28)-AD22/SUM($AD$22:$AD$28))*SUM($M$22:$M$28))*AF22 -> #VALUE! | R22: =P22/E22 -> #VALUE! | S22: =Q22/F22 -> #VALUE! | T22: 60000 | U22: =SUM(Q22:Q23) -> #VALUE! | V22: =VLOOKUP($B22,Input_TaiNguyenNode__GGSN_Daily!$D:$AC,8,FALSE)+VLOOKUP($B23,Input_TaiNguyenNode__GGSN_Daily!$D:$AC,8,FALSE) -> 20201.96 | W22: =SUM(T22:T23) -> 120000 | X22: FWHK01/02 | Y22: =U22*$Y$1 -> #VALUE! | Z22: 103000 | AA22: =V22/U22 -> #VALUE! | AB22: =Y22/Z22 -> #VALUE! | AC22: =(Y22-V22)/Z22 -> #VALUE! | AD22: =VLOOKUP(B22,idns_weight_PCSCF!A:B,2,FALSE) -> Ericsson | AE22: =M22/(SUM($M$3:$M$21))*SUM($AD$3:$AD$21) -> #N/A | AF22: =IF(AG22=0,0,1) -> 1 | AG22: 50 | AH22: =IF(AD22=AG22,"NO","YES") -> YES | AI22: =VLOOKUP(B22,Input_Lic_Rate_PS!K:S,9,FALSE) -> SSR 8020 | AJ22: =VLOOKUP(X22,QH_CGNAT_PEPS_incl_2024!$B$26:$K$84,10,FALSE) -> PEPS01/02 | AK22: =Q22-M22 -> #VALUE!
A23: 21 | B23: GGHK02 | C23: Ericsson | D23: KV2 | E23: =VLOOKUP(B23,Input_Lic_Rate_PS!K:P,4,FALSE) -> 1500000 | F23: =VLOOKUP(B23,Input_Lic_Rate_PS!K:R,5,FALSE) -> 80000 | G23: =VLOOKUP(B23,Input_Lic_Rate_PS!K:R,7,FALSE) -> 1690000 | H23: 1219065 | I23: 70959.58 | J23: 1094784 | K23: 51915.12 | L23: =VLOOKUP(B23,Input_TaiNguyenNode__GGSN_Daily!D:AB,13,FALSE) -> 1085302 | M23: =VLOOKUP(B23,Input_TaiNguyenNode__GGSN_Daily!D:AB,4,FALSE) -> 45596.81 | N23: =L23/E23 -> 0.72353467 | O23: =M23/F23 -> 0.56996012 | P23: =(L23+(AG23/SUM($AG$22:$AG$28)-AD23/SUM($AD$22:$AD$28))*SUM($L$22:$L$28))*AF23 -> #VALUE! | Q23: =(M23+(AG23/SUM($AG$22:$AG$28)-AD23/SUM($AD$22:$AD$28))*SUM($M$22:$M$28))*AF23 -> #VALUE! | R23: =P23/E23 -> #VALUE! | S23: =Q23/F23 -> #VALUE! | T23: 60000 | AD23: =VLOOKUP(B23,idns_weight_PCSCF!A:B,2,FALSE) -> Ericsson | AE23: =M23/(SUM($M$3:$M$21))*SUM($AD$3:$AD$21) -> #N/A | AF23: =IF(AG23=0,0,1) -> 1 | AG23: 50 | AH23: =IF(AD23=AG23,"NO","YES") -> YES | AI23: =VLOOKUP(B23,Input_Lic_Rate_PS!K:S,9,FALSE) -> SSR 8020 | AJ23: =VLOOKUP(X23,QH_CGNAT_PEPS_incl_2024!$B$26:$K$84,10,FALSE) -> #N/A | AK23: =Q23-M23 -> #VALUE!
A24: 22 | B24: GGHK03 | C24: Ericsson | D24: KV2 | E24: =VLOOKUP(B24,Input_Lic_Rate_PS!K:P,4,FALSE) -> 2000000 | F24: 80000 | G24: =VLOOKUP(B24,Input_Lic_Rate_PS!K:R,7,FALSE) -> 2148216 | H24: 1540102 | I24: 89885.55 | J24: 1455659 | K24: 71386.94 | L24: =VLOOKUP(B24,Input_TaiNguyenNode__GGSN_Daily!D:AB,13,FALSE) -> 1462473 | M24: =VLOOKUP(B24,Input_TaiNguyenNode__GGSN_Daily!D:AB,4,FALSE) -> 69718.57 | N24: =L24/E24 -> 0.7312365 | O24: =M24/F24 -> 0.87148213 | P24: =(L24+(AG24/SUM($AG$22:$AG$28)-AD24/SUM($AD$22:$AD$28))*SUM($L$22:$L$28))*AF24 -> #VALUE! | Q24: =(M24+(AG24/SUM($AG$22:$AG$28)-AD24/SUM($AD$22:$AD$28))*SUM($M$22:$M$28))*AF24 -> #VALUE! | R24: =P24/E24 -> #VALUE! | S24: =Q24/F24 -> #VALUE! | T24: 70000 | U24: =SUM(Q24:Q25) -> #VALUE! | V24: =VLOOKUP($B24,Input_TaiNguyenNode__GGSN_Daily!$D:$AC,8,FALSE)+VLOOKUP($B25,Input_TaiNguyenNode__GGSN_Daily!$D:$AC,8,FALSE) -> 70317.82 | W24: =SUM(T24:T25) -> 160000 | X24: CGNATHK01/02 | Y24: =U24*$Y$1 -> #VALUE! | Z24: 208000 | AA24: =V24/U24 -> #VALUE! | AB24: =Y24/Z24 -> #VALUE! | AC24: =(Y24-V24)/Z24 -> #VALUE! | AD24: =VLOOKUP(B24,idns_weight_PCSCF!A:B,2,FALSE) -> Ericsson | AE24: =M24/(SUM($M$3:$M$21))*SUM($AD$3:$AD$21) -> #N/A | AF24: =IF(AG24=0,0,1) -> 1 | AG24: 70 | AH24: =IF(AD24=AG24,"NO","YES") -> YES | AI24: =VLOOKUP(B24,Input_Lic_Rate_PS!K:S,9,FALSE) -> SSR 8020 | AJ24: =VLOOKUP(X24,QH_CGNAT_PEPS_incl_2024!$B$26:$K$84,10,FALSE) -> PE_DĐ_03/04 | AK24: =Q24-M24 -> #VALUE!
A25: 23 | B25: GGHK06 | C25: Ericsson | D25: KV2 | E25: =VLOOKUP(B25,Input_Lic_Rate_PS!K:P,4,FALSE) -> 1800000 | F25: 100000 | G25: =VLOOKUP(B25,Input_Lic_Rate_PS!K:R,7,FALSE) -> 2015000 | H25: 1555977 | I25: 91582.03 | J25: 1355034 | K25: 66646.1 | L25: =VLOOKUP(B25,Input_TaiNguyenNode__GGSN_Daily!D:AB,13,FALSE) -> 1376458 | M25: =VLOOKUP(B25,Input_TaiNguyenNode__GGSN_Daily!D:AB,4,FALSE) -> 65891.43 | N25: =L25/E25 -> 0.76469889 | O25: =M25/F25 -> 0.6589143 | P25: =(L25+(AG25/SUM($AG$22:$AG$28)-AD25/SUM($AD$22:$AD$28))*SUM($L$22:$L$28))*AF25 -> #VALUE! | Q25: =(M25+(AG25/SUM($AG$22:$AG$28)-AD25/SUM($AD$22:$AD$28))*SUM($M$22:$M$28))*AF25 -> #VALUE! | R25: =P25/E25 -> #VALUE! | S25: =Q25/F25 -> #VALUE! | T25: 90000 | AD25: =VLOOKUP(B25,idns_weight_PCSCF!A:B,2,FALSE) -> Ericsson | AE25: =M25/(SUM($M$3:$M$21))*SUM($AD$3:$AD$21) -> #N/A | AF25: =IF(AG25=0,0,1) -> 1 | AG25: 65 | AH25: =IF(AD25=AG25,"NO","YES") -> YES | AI25: =VLOOKUP(B25,Input_Lic_Rate_PS!K:S,9,FALSE) -> SSR 8020 | AJ25: =VLOOKUP(X25,QH_CGNAT_PEPS_incl_2024!$B$26:$K$84,10,FALSE) -> #N/A | AK25: =Q25-M25 -> #VALUE!
A26: 24 | B26: GGHK07 | C26: Ericsson | D26: KV2 | E26: =VLOOKUP(B26,Input_Lic_Rate_PS!K:P,4,FALSE) -> 4000000 | F26: =VLOOKUP(B26,Input_Lic_Rate_PS!K:R,5,FALSE) -> 180000 | G26: =VLOOKUP(B26,Input_Lic_Rate_PS!K:R,7,FALSE) -> 4063232 | H26: 1417572 | I26: 92384.25 | J26: 2348007 | K26: 115041.35 | L26: =VLOOKUP(B26,Input_TaiNguyenNode__GGSN_Daily!D:AB,13,FALSE) -> 2372152 | M26: =VLOOKUP(B26,Input_TaiNguyenNode__GGSN_Daily!D:AB,4,FALSE) -> 112474.37 | N26: =L26/E26 -> 0.593038 | O26: =M26/F26 -> 0.62485761 | P26: =(L26+(AG26/SUM($AG$22:$AG$28)-AD26/SUM($AD$22:$AD$28))*SUM($L$22:$L$28))*AF26 -> #VALUE! | Q26: =(M26+(AG26/SUM($AG$22:$AG$28)-AD26/SUM($AD$22:$AD$28))*SUM($M$22:$M$28))*AF26 -> #VALUE! | R26: =P26/E26 -> #VALUE! | S26: =Q26/F26 -> #VALUE! | T26: 200000 | U26: =SUM(Q26:Q27) -> #VALUE! | V26: =VLOOKUP($B26,Input_TaiNguyenNode__GGSN_Daily!$D:$AC,8,FALSE)+VLOOKUP($B27,Input_TaiNguyenNode__GGSN_Daily!$D:$AC,8,FALSE) -> 115808.15 | W26: =SUM(T26:T27) -> 400000 | X26: CGNAT ĐNG1 (CGNATHK03/04) | Y26: =U26*$Y$1 -> #VALUE! | Z26: 260000 | AA26: =V26/U26 -> #VALUE! | AB26: =Y26/Z26 -> #VALUE! | AC26: =(Y26-V26)/Z26 -> #VALUE! | AD26: =VLOOKUP(B26,idns_weight_PCSCF!A:B,2,FALSE) -> Ericsson | AE26: =M26/(SUM($M$3:$M$21))*SUM($AD$3:$AD$21) -> #N/A | AF26: =IF(AG26=0,0,1) -> 1 | AG26: 115 | AH26: =IF(AD26=AG26,"NO","YES") -> YES | AI26: =VLOOKUP(B26,Input_Lic_Rate_PS!K:S,9,FALSE) -> TCHK01 | AJ26: =VLOOKUP(X26,QH_CGNAT_PEPS_incl_2024!$B$26:$K$84,10,FALSE) -> PEPS03/04 | AK26: =Q26-M26 -> #VALUE!
A27: 25 | B27: GGHK08 | C27: Ericsson | D27: KV2 | E27: =VLOOKUP(B27,Input_Lic_Rate_PS!K:P,4,FALSE) -> 4000000 | F27: =VLOOKUP(B27,Input_Lic_Rate_PS!K:R,5,FALSE) -> 180000 | G27: =VLOOKUP(B27,Input_Lic_Rate_PS!K:R,7,FALSE) -> 4063232 | H27: 1940355.7 | I27: 124661.54 | J27: 2332031 | K27: 112938.26 | L27: =VLOOKUP(B27,Input_TaiNguyenNode__GGSN_Daily!D:AB,13,FALSE) -> 2382211 | M27: =VLOOKUP(B27,Input_TaiNguyenNode__GGSN_Daily!D:AB,4,FALSE) -> 112075.64 | N27: =L27/E27 -> 0.59555275 | O27: =M27/F27 -> 0.62264244 | P27: =(L27+(AG27/SUM($AG$22:$AG$28)-AD27/SUM($AD$22:$AD$28))*SUM($L$22:$L$28))*AF27 -> #VALUE! | Q27: =(M27+(AG27/SUM($AG$22:$AG$28)-AD27/SUM($AD$22:$AD$28))*SUM($M$22:$M$28))*AF27 -> #VALUE! | R27: =P27/E27 -> #VALUE! | S27: =Q27/F27 -> #VALUE! | T27: 200000 | AD27: =VLOOKUP(B27,idns_weight_PCSCF!A:B,2,FALSE) -> Ericsson | AE27: =M27/(SUM($M$3:$M$21))*SUM($AD$3:$AD$21) -> #N/A | AF27: =IF(AG27=0,0,1) -> 1 | AG27: 115 | AH27: =IF(AD27=AG27,"NO","YES") -> YES | AI27: =VLOOKUP(B27,Input_Lic_Rate_PS!K:S,9,FALSE) -> TCHK01 | AJ27: =VLOOKUP(X27,QH_CGNAT_PEPS_incl_2024!$B$26:$K$84,10,FALSE) -> #N/A | AK27: =Q27-M27 -> #VALUE!
A28: 26 | B28: GGHK09 | C28: Ericsson | D28: KV2 | E28: =VLOOKUP(B28,Input_Lic_Rate_PS!K:P,4,FALSE) -> 4000000 | F28: =VLOOKUP(B28,Input_Lic_Rate_PS!K:R,5,FALSE) -> 180000 | G28: =VLOOKUP(B28,Input_Lic_Rate_PS!K:R,7,FALSE) -> 4061000 | H28: 1454594.8 | I28: 92580.27 | J28: 2348029 | K28: 113836.46 | L28: =VLOOKUP(B28,Input_TaiNguyenNode__GGSN_Daily!D:AB,13,FALSE) -> 2369770 | M28: =VLOOKUP(B28,Input_TaiNguyenNode__GGSN_Daily!D:AB,4,FALSE) -> 111270.06 | N28: =L28/E28 -> 0.5924425 | O28: =M28/F28 -> 0.618167 | P28: =(L28+(AG28/SUM($AG$22:$AG$28)-AD28/SUM($AD$22:$AD$28))*SUM($L$22:$L$28))*AF28 -> #VALUE! | Q28: =(M28+(AG28/SUM($AG$22:$AG$28)-AD28/SUM($AD$22:$AD$28))*SUM($M$22:$M$28))*AF28 -> #VALUE! | R28: =P28/E28 -> #VALUE! | S28: =Q28/F28 -> #VALUE! | T28: 200000 | U28: =SUM(Q28:Q28) -> #VALUE! | V28: =VLOOKUP($B28,Input_TaiNguyenNode__GGSN_Daily!$D:$AC,8,FALSE) -> 56847.99 | W28: =SUM(T28:T31) -> 380000 | X28: CGNAT ĐNG2 (CGNATHK07/08) | Y28: =U28*$Y$1 -> #VALUE! | Z28: 300000 | AA28: =V28/U28 -> #VALUE! | AB28: =Y28/Z28 -> #VALUE! | AC28: =(Y28-V28)/Z28 -> #VALUE! | AD28: =VLOOKUP(B28,idns_weight_PCSCF!A:B,2,FALSE) -> Ericsson | AE28: =M28/(SUM($M$3:$M$21))*SUM($AD$3:$AD$21) -> #N/A | AF28: =IF(AG28=0,0,1) -> 1 | AG28: 115 | AH28: =IF(AD28=AG28,"NO","YES") -> YES | AI28: =VLOOKUP(B28,Input_Lic_Rate_PS!K:S,9,FALSE) -> TCHK01 | AJ28: =VLOOKUP(X28,QH_CGNAT_PEPS_incl_2024!$B$26:$K$84,10,FALSE) -> PEPS03/04 | AK28: =Q28-M28 -> #VALUE!
A29: 27 | B29: GGHK10 | C29: VHT | D29: KV2 | E29: =VLOOKUP(B29,Input_Lic_Rate_PS!K:P,4,FALSE) -> 3500000 | F29: =VLOOKUP(B29,Input_Lic_Rate_PS!K:R,5,FALSE) -> 150000 | G29: =VLOOKUP(B29,Input_Lic_Rate_PS!K:R,7,FALSE) -> 3500000 | H29: 1417572 | I29: 92384.25 | J29: 892162 | K29: 56286.72 | L29: =_xlfn.IFNA(VLOOKUP(B29,Input_TaiNguyenNode__GGSN_Daily!D:AB,13,FALSE),0) -> 889891 | M29: =_xlfn.IFNA(VLOOKUP(B29,Input_TaiNguyenNode__GGSN_Daily!D:AB,4,FALSE),0) -> 55125.56 | N29: =L29/E29 -> 0.25425457 | O29: =M29/F29 -> 0.36750373 | P29: =L29 -> 889891 | Q29: =M29 -> 55125.56 | R29: =P29/E29 -> 0.25425457 | S29: =Q29/F29 -> 0.36750373 | T29: 60000 | U29: =SUM(Q29:Q31) -> 72989.64 | V29: =0.3*SUM(M29:M31) -> 21896.892 | W29: =SUM(T29:T31) -> 180000 | X29: CGNAT ĐNG3 (CGNATHK09/10) (chuyển từ KV3 -> KV2) | Y29: =U29*$Y$1 -> 59851.505 | Z29: 300000 | AA29: =V29/U29 -> 0.3 | AB29: =Y29/Z29 -> 0.19950502 | AC29: =(Y29-V29)/Z29 -> 0.12651538 | AD29: =VLOOKUP(B29,idns_weight_PCSCF!A:B,2,FALSE) -> Viettel | AE29: =M29/(SUM($M$3:$M$21))*SUM($AD$3:$AD$21) -> #N/A | AF29: =IF(AG29=0,0,1) -> 1 | AG29: 10 | AH29: =IF(AD29=AG29,"NO","YES") -> YES | AI29: =VLOOKUP(B29,Input_Lic_Rate_PS!K:S,9,FALSE) -> TCHK02 | AJ29: =VLOOKUP(X29,QH_CGNAT_PEPS_incl_2024!$B$26:$K$84,10,FALSE) -> PEPS03/04 | AK29: =Q29-M29 -> 0
A30: 28 | B30: GGHK11 | C30: VHT | D30: KV2 | E30: =VLOOKUP(B30,Input_Lic_Rate_PS!K:P,4,FALSE) -> 3500000 | F30: =VLOOKUP(B30,Input_Lic_Rate_PS!K:R,5,FALSE) -> 150000 | G30: =VLOOKUP(B30,Input_Lic_Rate_PS!K:R,7,FALSE) -> 3500000 | H30: 1940355.7 | I30: 124661.54 | J30: 892162 | K30: 56286.72 | L30: =_xlfn.IFNA(VLOOKUP(B30,Input_TaiNguyenNode__GGSN_Daily!D:AB,13,FALSE),0) -> 0 | M30: =_xlfn.IFNA(VLOOKUP(B30,Input_TaiNguyenNode__GGSN_Daily!D:AB,4,FALSE),0) -> 0 | N30: =L30/E30 -> 0 | O30: =M30/F30 -> 0 | P30: =L30 -> 0 | Q30: =M30 -> 0 | R30: =P30/E30 -> 0 | S30: =Q30/F30 -> 0 | T30: 60000 | V30: =0.2*SUM(M30:M30) -> 0 | AD30: =VLOOKUP(B30,idns_weight_PCSCF!A:B,2,FALSE) -> Viettel | AE30: =M30/(SUM($M$3:$M$21))*SUM($AD$3:$AD$21) -> #N/A | AF30: =IF(AG30=0,0,1) -> 1 | AG30: 10 | AH30: =IF(AD30=AG30,"NO","YES") -> YES | AI30: =VLOOKUP(B30,Input_Lic_Rate_PS!K:S,9,FALSE) -> TCHK02 | AJ30: =VLOOKUP(X30,QH_CGNAT_PEPS_incl_2024!$B$26:$K$84,10,FALSE) -> #N/A | AK30: =Q30-M30 -> 0
A31: 29 | B31: GGHK12 | C31: VHT | D31: KV2 | E31: =VLOOKUP(B31,Input_Lic_Rate_PS!K:P,4,FALSE) -> 3500000 | F31: =VLOOKUP(B31,Input_Lic_Rate_PS!K:R,5,FALSE) -> 150000 | G31: =VLOOKUP(B31,Input_Lic_Rate_PS!K:R,7,FALSE) -> 3500000 | H31: 1454594.8 | I31: 92580.27 | J31: 224356 | K31: 13566.3 | L31: =_xlfn.IFNA(VLOOKUP(B31,Input_TaiNguyenNode__GGSN_Daily!D:AB,13,FALSE),0) -> 149475 | M31: =_xlfn.IFNA(VLOOKUP(B31,Input_TaiNguyenNode__GGSN_Daily!D:AB,4,FALSE),0) -> 17864.08 | N31: =L31/E31 -> 0.042707143 | O31: =M31/F31 -> 0.11909387 | P31: =L31 -> 149475 | Q31: =M31 -> 17864.08 | R31: =P31/E31 -> 0.042707143 | S31: =Q31/F31 -> 0.11909387 | T31: 60000 | V31: =0.2*SUM(M31:M31) -> 3572.816 | AD31: =VLOOKUP(B31,idns_weight_PCSCF!A:B,2,FALSE) -> Viettel | AE31: =M31/(SUM($M$3:$M$21))*SUM($AD$3:$AD$21) -> #N/A | AF31: =IF(AG31=0,0,1) -> 1 | AG31: 10 | AH31: =IF(AD31=AG31,"NO","YES") -> YES | AI31: =VLOOKUP(B31,Input_Lic_Rate_PS!K:S,9,FALSE) -> TCHK02 | AJ31: =VLOOKUP(X31,QH_CGNAT_PEPS_incl_2024!$B$26:$K$84,10,FALSE) -> #N/A | AK31: =Q31-M31 -> 0
A32: 30 | B32: GGHT07 | C32: Ericsson | D32: KV3 | E32: =VLOOKUP(B32,Input_Lic_Rate_PS!K:P,4,FALSE) -> 1500000 | F32: =VLOOKUP(B32,Input_Lic_Rate_PS!K:R,5,FALSE) -> 80000 | G32: =VLOOKUP(B32,Input_Lic_Rate_PS!K:R,7,FALSE) -> 1690000 | H32: 1093866 | I32: 50185.3 | J32: 1172578 | K32: 47722.16 | L32: =VLOOKUP(B32,Input_TaiNguyenNode__GGSN_Daily!D:AB,13,FALSE) -> 1192404 | M32: =VLOOKUP(B32,Input_TaiNguyenNode__GGSN_Daily!D:AB,4,FALSE) -> 47490.99 | N32: =L32/E32 -> 0.794936 | O32: =M32/F32 -> 0.59363738 | P32: =(L32+(AG32/SUM($AG$32:$AG$39)-AD32/SUM($AD$32:$AD$39))*SUM($L$32:$L$39))*AF32 -> #VALUE! | Q32: =(M32+(AG32/SUM($AG$32:$AG$39)-AD32/SUM($AD$32:$AD$39))*SUM($M$32:$M$39))*AF32 -> #VALUE! | R32: =P32/E32 -> #VALUE! | S32: =Q32/F32 -> #VALUE! | T32: 60000 | U32: =SUM(Q32:Q33) -> #VALUE! | V32: =VLOOKUP($B32,Input_TaiNguyenNode__GGSN_Daily!$D:$AC,8,FALSE)+VLOOKUP($B33,Input_TaiNguyenNode__GGSN_Daily!$D:$AC,8,FALSE) -> 54093.17 | W32: =SUM(T32:T33) -> 120000 | X32: FWHT05/06 | Y32: =U32*$Y$1 -> #VALUE! | Z32: 103000 | AA32: =V32/U32 -> #VALUE! | AB32: =Y32/Z32 -> #VALUE! | AC32: =(Y32-V32)/Z32 -> #VALUE! | AD32: =VLOOKUP(B32,idns_weight_PCSCF!A:B,2,FALSE) -> Ericsson | AE32: =M32/(SUM($M$3:$M$21))*SUM($AD$3:$AD$21) -> #N/A | AF32: =IF(AG32=0,0,1) -> 1 | AG32: 60 | AH32: =IF(AD32=AG32,"NO","YES") -> YES | AI32: =VLOOKUP(B32,Input_Lic_Rate_PS!K:S,9,FALSE) -> SSR 8020 | AJ32: =VLOOKUP(X32,QH_CGNAT_PEPS_incl_2024!$B$26:$K$84,10,FALSE) -> PEPS01/02 | AK32: =Q32-M32 -> #VALUE!
A33: 31 | B33: GGHT08 | C33: Ericsson | D33: KV3 | E33: =VLOOKUP(B33,Input_Lic_Rate_PS!K:P,4,FALSE) -> 1500000 | F33: =VLOOKUP(B33,Input_Lic_Rate_PS!K:R,5,FALSE) -> 80000 | G33: =VLOOKUP(B33,Input_Lic_Rate_PS!K:R,7,FALSE) -> 0 | H33: 1093866 | I33: 50185.3 | J33: 1141752 | K33: 54546.14 | L33: =VLOOKUP(B33,Input_TaiNguyenNode__GGSN_Daily!D:AB,13,FALSE) -> 1193615 | M33: =VLOOKUP(B33,Input_TaiNguyenNode__GGSN_Daily!D:AB,4,FALSE) -> 57317.29 | N33: =L33/E33 -> 0.79574333 | O33: =M33/F33 -> 0.71646613 | P33: =(L33+(AG33/SUM($AG$32:$AG$39)-AD33/SUM($AD$32:$AD$39))*SUM($L$32:$L$39))*AF33 -> #VALUE! | Q33: =(M33+(AG33/SUM($AG$32:$AG$39)-AD33/SUM($AD$32:$AD$39))*SUM($M$32:$M$39))*AF33 -> #VALUE! | R33: =P33/E33 -> #VALUE! | S33: =Q33/F33 -> #VALUE! | T33: 60000 | AD33: =VLOOKUP(B33,idns_weight_PCSCF!A:B,2,FALSE) -> Ericsson | AE33: =M33/(SUM($M$3:$M$21))*SUM($AD$3:$AD$21) -> #N/A | AF33: =IF(AG33=0,0,1) -> 1 | AG33: 60 | AH33: =IF(AD33=AG33,"NO","YES") -> YES | AI33: =VLOOKUP(B33,Input_Lic_Rate_PS!K:S,9,FALSE) -> SSR 8020 | AJ33: =VLOOKUP(X33,QH_CGNAT_PEPS_incl_2024!$B$26:$K$84,10,FALSE) -> #N/A | AK33: =Q33-M33 -> #VALUE!
A34: 32 | B34: GGHT10 | C34: Ericsson | D34: KV3 | E34: =VLOOKUP(B34,Input_Lic_Rate_PS!K:P,4,FALSE) -> 1500000 | F34: =VLOOKUP(B34,Input_Lic_Rate_PS!K:R,5,FALSE) -> 80000 | G34: =VLOOKUP(B34,Input_Lic_Rate_PS!K:R,7,FALSE) -> 1690000 | H34: 1188130 | I34: 50620.11 | J34: 1257454 | K34: 57773.03 | L34: =VLOOKUP(B34,Input_TaiNguyenNode__GGSN_Daily!D:AB,13,FALSE) -> 1282307 | M34: =VLOOKUP(B34,Input_TaiNguyenNode__GGSN_Daily!D:AB,4,FALSE) -> 57738.41 | N34: =L34/E34 -> 0.85487133 | O34: =M34/F34 -> 0.72173013 | P34: =(L34+(AG34/SUM($AG$32:$AG$39)-AD34/SUM($AD$32:$AD$39))*SUM($L$32:$L$39))*AF34 -> #VALUE! | Q34: =(M34+(AG34/SUM($AG$32:$AG$39)-AD34/SUM($AD$32:$AD$39))*SUM($M$32:$M$39))*AF34 -> #VALUE! | R34: =P34/E34 -> #VALUE! | S34: =Q34/F34 -> #VALUE! | T34: 60000 | U34: =SUM(Q34:Q35) -> #VALUE! | V34: =VLOOKUP($B34,Input_TaiNguyenNode__GGSN_Daily!$D:$AC,8,FALSE)+VLOOKUP($B35,Input_TaiNguyenNode__GGSN_Daily!$D:$AC,8,FALSE) -> 87395.38 | W34: =SUM(T34:T35) -> 190000 | X34: CGNAT HCM1 (CGNAT11/12) | Y34: =U34*$Y$1 -> #VALUE! | Z34: 260000 | AA34: =V34/U34 -> #VALUE! | AB34: =Y34/Z34 -> #VALUE! | AC34: =(Y34-V34)/Z34 -> #VALUE! | AD34: =VLOOKUP(B34,idns_weight_PCSCF!A:B,2,FALSE) -> Ericsson | AE34: =M34/(SUM($M$3:$M$21))*SUM($AD$3:$AD$21) -> #N/A | AF34: =IF(AG34=0,0,1) -> 1 | AG34: 60 | AH34: =IF(AD34=AG34,"NO","YES") -> YES | AI34: =VLOOKUP(B34,Input_Lic_Rate_PS!K:S,9,FALSE) -> SSR 8020 | AJ34: =VLOOKUP(X34,QH_CGNAT_PEPS_incl_2024!$B$26:$K$84,10,FALSE) -> PEDĐ01/02 | AK34: =Q34-M34 -> #VALUE!
A35: 33 | B35: GGHT11 | C35: Ericsson | D35: KV3 | E35: =VLOOKUP(B35,Input_Lic_Rate_PS!K:P,4,FALSE) -> 2700000 | F35: =VLOOKUP(B35,Input_Lic_Rate_PS!K:R,5,FALSE) -> 150000 | G35: =VLOOKUP(B35,Input_Lic_Rate_PS!K:R,7,FALSE) -> 2990000 | H35: 2047716 | I35: 98864.34 | J35: 2443236 | K35: 114737.34 | L35: =VLOOKUP(B35,Input_TaiNguyenNode__GGSN_Daily!D:AB,13,FALSE) -> 2496796 | M35: =VLOOKUP(B35,Input_TaiNguyenNode__GGSN_Daily!D:AB,4,FALSE) -> 114652.33 | N35: =L35/E35 -> 0.92473926 | O35: =M35/F35 -> 0.76434887 | P35: =(L35+(AG35/SUM($AG$32:$AG$39)-AD35/SUM($AD$32:$AD$39))*SUM($L$32:$L$39))*AF35 -> #VALUE! | Q35: =(M35+(AG35/SUM($AG$32:$AG$39)-AD35/SUM($AD$32:$AD$39))*SUM($M$32:$M$39))*AF35 -> #VALUE! | R35: =P35/E35 -> #VALUE! | S35: =Q35/F35 -> #VALUE! | T35: 130000 | AD35: =VLOOKUP(B35,idns_weight_PCSCF!A:B,2,FALSE) -> Ericsson | AE35: =M35/(SUM($M$3:$M$21))*SUM($AD$3:$AD$21) -> #N/A | AF35: =IF(AG35=0,0,1) -> 1 | AG35: 130 | AH35: =IF(AD35=AG35,"NO","YES") -> YES | AI35: =VLOOKUP(B35,Input_Lic_Rate_PS!K:S,9,FALSE) -> SSR 8020 | AJ35: =VLOOKUP(X35,QH_CGNAT_PEPS_incl_2024!$B$26:$K$84,10,FALSE) -> #N/A | AK35: =Q35-M35 -> #VALUE!
A36: 34 | B36: GGHT09 | C36: Ericsson | D36: KV3 | E36: =VLOOKUP(B36,Input_Lic_Rate_PS!K:P,4,FALSE) -> 1500000 | F36: =VLOOKUP(B36,Input_Lic_Rate_PS!K:R,5,FALSE) -> 80000 | G36: =VLOOKUP(B36,Input_Lic_Rate_PS!K:R,7,FALSE) -> 0 | H36: 805218 | I36: 47401.63 | J36: 1356055 | K36: 57656.51 | L36: =VLOOKUP(B36,Input_TaiNguyenNode__GGSN_Daily!D:AB,13,FALSE) -> 1390480 | M36: =VLOOKUP(B36,Input_TaiNguyenNode__GGSN_Daily!D:AB,4,FALSE) -> 57626.65 | N36: =L36/E36 -> 0.92698667 | O36: =M36/F36 -> 0.72033313 | P36: =(L36+(AG36/SUM($AG$32:$AG$39)-AD36/SUM($AD$32:$AD$39))*SUM($L$32:$L$39))*AF36 -> #N/A | Q36: =(M36+(AG36/SUM($AG$32:$AG$39)-AD36/SUM($AD$32:$AD$39))*SUM($M$32:$M$39))*AF36 -> #N/A | R36: =P36/E36 -> #N/A | S36: =Q36/F36 -> #N/A | T36: 60000 | U36: =SUM(Q36:Q38) -> #N/A | V36: =VLOOKUP($B36,Input_TaiNguyenNode__GGSN_Daily!$D:$AC,8,FALSE)+VLOOKUP($B37,Input_TaiNguyenNode__GGSN_Daily!$D:$AC,8,FALSE)+VLOOKUP($B38,Input_TaiNguyenNode__GGSN_Daily!$D:$AC,8,FALSE) -> 144323.5 | W36: =SUM(T36:T38) -> 310000 | X36: CGNATHT01/02 | Y36: =U36*$Y$1 -> #N/A | Z36: 364000 | AA36: =V36/U36 -> #N/A | AB36: =Y36/Z36 -> #N/A | AC36: =(Y36-V36)/Z36 -> #N/A | AD36: =VLOOKUP(B36,idns_weight_PCSCF!A:B,2,FALSE) -> #N/A | AE36: =M36/(SUM($M$3:$M$21))*SUM($AD$3:$AD$21) -> #N/A | AF36: =IF(AG36=0,0,1) -> 1 | AG36: 60 | AH36: =IF(AD36=AG36,"NO","YES") -> #N/A | AI36: =VLOOKUP(B36,Input_Lic_Rate_PS!K:S,9,FALSE) -> SSR 8020 | AJ36: =VLOOKUP(X36,QH_CGNAT_PEPS_incl_2024!$B$26:$K$84,10,FALSE) -> PEDĐ01/02 | AK36: =Q36-M36 -> #N/A
A37: 35 | B37: GGHT12 | C37: Ericsson | D37: KV3 | E37: =VLOOKUP(B37,Input_Lic_Rate_PS!K:P,4,FALSE) -> 2500000 | F37: =VLOOKUP(B37,Input_Lic_Rate_PS!K:R,5,FALSE) -> 150000 | G37: =VLOOKUP(B37,Input_Lic_Rate_PS!K:R,7,FALSE) -> 2470000 | H37: 1918650 | I37: 91526.2 | J37: 2275079 | K37: 106866.05 | L37: =VLOOKUP(B37,Input_TaiNguyenNode__GGSN_Daily!D:AB,13,FALSE) -> 2356373 | M37: =VLOOKUP(B37,Input_TaiNguyenNode__GGSN_Daily!D:AB,4,FALSE) -> 109166.62 | N37: =L37/E37 -> 0.9425492 | O37: =M37/F37 -> 0.72777747 | P37: =(L37+(AG37/SUM($AG$32:$AG$39)-AD37/SUM($AD$32:$AD$39))*SUM($L$32:$L$39))*AF37 -> #VALUE! | Q37: =(M37+(AG37/SUM($AG$32:$AG$39)-AD37/SUM($AD$32:$AD$39))*SUM($M$32:$M$39))*AF37 -> #VALUE! | R37: =P37/E37 -> #VALUE! | S37: =Q37/F37 -> #VALUE! | T37: 120000 | AD37: =VLOOKUP(B37,idns_weight_PCSCF!A:B,2,FALSE) -> Ericsson | AE37: =M37/(SUM($M$3:$M$21))*SUM($AD$3:$AD$21) -> #N/A | AF37: =IF(AG37=0,0,1) -> 1 | AG37: 120 | AH37: =IF(AD37=AG37,"NO","YES") -> YES | AI37: =VLOOKUP(B37,Input_Lic_Rate_PS!K:S,9,FALSE) -> SSR 8020 | AJ37: =VLOOKUP(X37,QH_CGNAT_PEPS_incl_2024!$B$26:$K$84,10,FALSE) -> #N/A | AK37: =Q37-M37 -> #VALUE!
A38: 36 | B38: GGHT13 | C38: Ericsson | D38: KV3 | E38: =VLOOKUP(B38,Input_Lic_Rate_PS!K:P,4,FALSE) -> 2700000 | F38: =VLOOKUP(B38,Input_Lic_Rate_PS!K:R,5,FALSE) -> 150000 | G38: =VLOOKUP(B38,Input_Lic_Rate_PS!K:R,7,FALSE) -> 2985000 | H38: 2075600 | I38: 97800.33 | J38: 2463242 | K38: 114977.79 | L38: =VLOOKUP(B38,Input_TaiNguyenNode__GGSN_Daily!D:AB,13,FALSE) -> 2540179 | M38: =VLOOKUP(B38,Input_TaiNguyenNode__GGSN_Daily!D:AB,4,FALSE) -> 116864.74 | N38: =L38/E38 -> 0.94080704 | O38: =M38/F38 -> 0.77909827 | P38: =(L38+(AG38/SUM($AG$32:$AG$39)-AD38/SUM($AD$32:$AD$39))*SUM($L$32:$L$39))*AF38 -> #VALUE! | Q38: =(M38+(AG38/SUM($AG$32:$AG$39)-AD38/SUM($AD$32:$AD$39))*SUM($M$32:$M$39))*AF38 -> #VALUE! | R38: =P38/E38 -> #VALUE! | S38: =Q38/F38 -> #VALUE! | T38: 130000 | AD38: =VLOOKUP(B38,idns_weight_PCSCF!A:B,2,FALSE) -> Ericsson | AE38: =M38/(SUM($M$3:$M$21))*SUM($AD$3:$AD$21) -> #N/A | AF38: =IF(AG38=0,0,1) -> 1 | AG38: 130 | AH38: =IF(AD38=AG38,"NO","YES") -> YES | AI38: =VLOOKUP(B38,Input_Lic_Rate_PS!K:S,9,FALSE) -> SSR 8020 | AJ38: =VLOOKUP(X38,QH_CGNAT_PEPS_incl_2024!$B$26:$K$84,10,FALSE) -> #N/A | AK38: =Q38-M38 -> #VALUE!
A39: 37 | B39: GGHT17 | C39: Ericsson | D39: KV3 | E39: =VLOOKUP(B39,Input_Lic_Rate_PS!K:P,4,FALSE) -> 3400000 | F39: =VLOOKUP(B39,Input_Lic_Rate_PS!K:R,5,FALSE) -> 150000 | G39: =VLOOKUP(B39,Input_Lic_Rate_PS!K:R,7,FALSE) -> 3537000 | H39: 2083414 | I39: 74440.66 | J39: 2650867 | K39: 120948.71 | L39: =VLOOKUP(B39,Input_TaiNguyenNode__GGSN_Daily!D:AB,13,FALSE) -> 2715246 | M39: =VLOOKUP(B39,Input_TaiNguyenNode__GGSN_Daily!D:AB,4,FALSE) -> 122064.15 | N39: =L39/E39 -> 0.79860176 | O39: =M39/F39 -> 0.813761 | P39: =(L39+(AG39/SUM($AG$32:$AG$39)-AD39/SUM($AD$32:$AD$39))*SUM($L$32:$L$39))*AF39 -> #VALUE! | Q39: =(M39+(AG39/SUM($AG$32:$AG$39)-AD39/SUM($AD$32:$AD$39))*SUM($M$32:$M$39))*AF39 -> #VALUE! | R39: =P39/E39 -> #VALUE! | S39: =Q39/F39 -> #VALUE! | T39: 130000 | U39: =SUM(Q39:Q42) -> #VALUE! | V39: =VLOOKUP($B39,Input_TaiNguyenNode__GGSN_Daily!$D:$AC,8,FALSE)+SUM(Q40:Q42)*0.35 -> 61342.39 | W39: =SUM(T39:T42) -> 580000 | X39: CGNAT HCM2 (CGNAT09/10) | Y39: =U39*$Y$1 -> #VALUE! | Z39: 312000 | AA39: =V39/U39 -> #VALUE! | AB39: =Y39/Z39 -> #VALUE! | AC39: =(Y39-V39)/Z39 -> #VALUE! | AD39: =VLOOKUP(B39,idns_weight_PCSCF!A:B,2,FALSE) -> Ericsson | AE39: =M39/(SUM($M$3:$M$21))*SUM($AD$3:$AD$21) -> #N/A | AF39: =IF(AG39=0,0,1) -> 1 | AG39: 140 | AH39: =IF(AD39=AG39,"NO","YES") -> YES | AI39: =VLOOKUP(B39,Input_Lic_Rate_PS!K:S,9,FALSE) -> TCHT01 | AJ39: =VLOOKUP(X39,QH_CGNAT_PEPS_incl_2024!$B$26:$K$84,10,FALSE) -> PEPS03/04 | AK39: =Q39-M39 -> #VALUE!
A40: 38 | B40: GGHT14 | C40: Cisco | D40: KV3 | E40: 2000000 | F40: 100000 | G40: =VLOOKUP(B40,Input_Lic_Rate_PS!K:R,7,FALSE) -> 0 | H40: 947700 | I40: 71884.3 | J40: 0 | K40: 0 | L40: =VLOOKUP(B40,'Bear&pdp_daily_crosstab_cisco'!B:E,4,FALSE) -> 0 | M40: =VLOOKUP(B40,Throughput_hour_crosstab_cisco!C:D,2,FALSE) -> 0 | N40: =L40/E40 -> 0 | O40: =M40/F40 -> 0 | P40: =L40 -> 0 | Q40: =M40 -> 0 | R40: =P40/E40 -> 0 | S40: =Q40/F40 -> 0 | T40: 150000 | AD40: 10 | AE40: =M40/(SUM($M$3:$M$21))*SUM($AD$3:$AD$21) -> #N/A | AF40: =IF(AG40=0,0,1) -> 1 | AG40: 10 | AH40: =IF(AD40=AG40,"NO","YES") -> NO | AI40: =VLOOKUP(B40,Input_Lic_Rate_PS!K:S,9,FALSE) -> TCHT02 | AJ40: =VLOOKUP(X40,QH_CGNAT_PEPS_incl_2024!$B$26:$K$84,10,FALSE) -> #N/A
A41: 39 | B41: GGHT15 | C41: Cisco | D41: KV3 | E41: 2000000 | F41: 100000 | G41: =VLOOKUP(B41,Input_Lic_Rate_PS!K:R,7,FALSE) -> 3200000 | H41: 946804 | I41: 71343.34 | J41: 0 | K41: 0 | L41: =VLOOKUP(B41,'Bear&pdp_daily_crosstab_cisco'!B:E,4,FALSE) -> 0 | M41: =VLOOKUP(B41,Throughput_hour_crosstab_cisco!C:D,2,FALSE) -> 0 | N41: =L41/E41 -> 0 | O41: =M41/F41 -> 0 | P41: =L41 -> 0 | Q41: =M41 -> 0 | R41: =P41/E41 -> 0 | S41: =Q41/F41 -> 0 | T41: 150000 | AD41: 10 | AE41: =M41/(SUM($M$3:$M$21))*SUM($AD$3:$AD$21) -> #N/A | AG41: 10 | AH41: =IF(AD41=AG41,"NO","YES") -> NO | AI41: =VLOOKUP(B41,Input_Lic_Rate_PS!K:S,9,FALSE) -> TCHT03 | AJ41: =VLOOKUP(X41,QH_CGNAT_PEPS_incl_2024!$B$26:$K$84,10,FALSE) -> #N/A
A42: 40 | B42: GGHT16 | C42: Cisco | D42: KV3 | E42: 2000000 | F42: 100000 | G42: =VLOOKUP(B42,Input_Lic_Rate_PS!K:R,7,FALSE) -> 3200000 | H42: 939099 | I42: 67514.39 | J42: 0 | K42: 0 | L42: =VLOOKUP(B42,'Bear&pdp_daily_crosstab_cisco'!B:E,4,FALSE) -> 0 | M42: =VLOOKUP(B42,Throughput_hour_crosstab_cisco!C:D,2,FALSE) -> 0 | N42: =L42/E42 -> 0 | O42: =M42/F42 -> 0 | P42: =L42 -> 0 | Q42: =M42 -> 0 | R42: =P42/E42 -> 0 | S42: =Q42/F42 -> 0 | T42: 150000 | AD42: 10 | AE42: =M42/(SUM($M$3:$M$21))*SUM($AD$3:$AD$21) -> #N/A | AG42: 10 | AH42: =IF(AD42=AG42,"NO","YES") -> NO | AI42: =VLOOKUP(B42,Input_Lic_Rate_PS!K:S,9,FALSE) -> TCHT03 | AJ42: =VLOOKUP(X42,QH_CGNAT_PEPS_incl_2024!$B$26:$K$84,10,FALSE) -> #N/A
A43: 41 | B43: GGHT18 | C43: Cisco | D43: KV3 | E43: 2000000 | F43: 100000 | G43: =VLOOKUP(B43,Input_Lic_Rate_PS!K:R,7,FALSE) -> 3200000 | H43: 939099 | I43: 67514.39 | J43: 0 | K43: 0 | L43: =VLOOKUP(B43,'Bear&pdp_daily_crosstab_cisco'!B:E,4,FALSE) -> 0 | M43: =VLOOKUP(B43,Throughput_hour_crosstab_cisco!C:D,2,FALSE) -> 0 | N43: =L43/E43 -> 0 | O43: =M43/F43 -> 0 | P43: =L43 -> 0 | Q43: =M43 -> 0 | R43: =P43/E43 -> 0 | S43: =Q43/F43 -> 0 | T43: 150000 | U43: =SUM(Q43:Q43) -> 0 | V43: =0.2*SUM(M43:M43) -> 0 | W43: =SUM(T43:T43) -> 150000 | X43: CGNAT HCM4 (CGNAT13/14) | Y43: =U43*$Y$1 -> 0 | Z43: 312000 | AA43: =V43/U43 -> #DIV/0! | AB43: =Y43/Z43 -> 0 | AC43: =(Y43-V43)/Z43 -> 0 | AD43: 10 | AE43: =M43/(SUM($M$3:$M$21))*SUM($AD$3:$AD$21) -> #N/A | AG43: 10 | AH43: =IF(AD43=AG43,"NO","YES") -> NO | AI43: =VLOOKUP(B43,Input_Lic_Rate_PS!K:S,9,FALSE) -> 0 | AJ43: =VLOOKUP(X43,QH_CGNAT_PEPS_incl_2024!$B$26:$K$84,10,FALSE) -> PEPS03/04
B44: GGSN_KV1 | E44: =SUMIF($D3:$D38,"KV1",E3:E38) -> 54600000 | F44: =VLOOKUP(B44,Input_Lic_Rate_PS!K:R,5,FALSE) -> 3610000 | G44: =VLOOKUP(B44,Input_Lic_Rate_PS!K:R,7,FALSE) -> 82486008 | H44: =SUMIF($D3:$D$42,"KV1",H$3:H$42) -> 35008081 | I44: =SUMIF($D3:$D$42,"KV1",I$3:I$42) -> 1629832.8 | J44: 42457846 | K44: 1762141.9 | L44: =SUMIF($D3:$D$43,"KV1",L$3:L$43) -> 43795120 | M44: =SUMIF($D3:$D$43,"KV1",M$3:M$43) -> 1745386.1 | N44: =L44/E44 -> 0.80210842 | O44: =M44/F44 -> 0.48348645 | P44: =SUMIF($D3:$D$43,"KV1",P$3:P$43) -> #VALUE! | Q44: =SUMIF($D3:$D38,"KV1",Q3:Q38) -> #VALUE! | R44: =P44/E44 -> #VALUE! | S44: =Q44/F44 -> #VALUE! | T44: =SUMIF($D3:$D38,"KV1",T3:T38) -> 2600000 | AD44: =SUMIF($D3:$D39,"KV1",AD3:AD39) -> #N/A | AG44: =SUMIF($D3:$D39,"KV1",AG3:AG39) -> 1345
B45: GGSN_KV2 | E45: =SUMIF($D3:$D38,"KV2",E3:E38) -> 29300000 | F45: =VLOOKUP(B45,Input_Lic_Rate_PS!K:R,5,FALSE) -> 2390000 | G45: =VLOOKUP(B45,Input_Lic_Rate_PS!K:R,7,FALSE) -> #N/A | H45: =SUMIF($D4:$D$42,"KV2",H$3:H$42) -> 13697762 | I45: =SUMIF($D4:$D$42,"KV2",I$3:I$42) -> 849764.75 | J45: 14034660 | K45: 709180.46 | L45: =SUMIF($D3:$D$43,"KV2",L$3:L$43) -> 13165015 | M45: =SUMIF($D3:$D$43,"KV2",M$3:M$43) -> 639140.3 | N45: =L45/E45 -> 0.44931792 | O45: =M45/F45 -> 0.26742272 | P45: =SUMIF($D3:$D38,"KV2",P3:P38) -> #VALUE! | Q45: =SUMIF($D3:$D38,"KV2",Q3:Q38) -> #VALUE! | R45: =P45/E45 -> #VALUE! | S45: =Q45/F45 -> #VALUE! | T45: =SUMIF($D3:$D38,"KV2",T3:T38) -> 1060000 | AD45: =SUMIF($D3:$D38,"KV2",AD3:AD38) -> 0 | AG45: =SUMIF($D3:$D38,"KV2",AG3:AG38) -> 610
B46: GGSN_KV3 | E46: =SUMIF($D3:$D42,"KV3",E3:E42) -> 23300000 | F46: =VLOOKUP(B46,Input_Lic_Rate_PS!K:R,5,FALSE) -> 3020000 | G46: =VLOOKUP(B46,Input_Lic_Rate_PS!K:R,7,FALSE) -> #N/A | H46: =SUMIF($D5:$D$42,"KV3",H$3:H$42) -> 16649111 | I46: =SUMIF($D5:$D$42,"KV3",I$3:I$42) -> 850149.98 | J46: 14760263 | K46: 675227.73 | L46: =SUMIF($D3:$D$43,"KV3",L$3:L$43) -> 15167400 | M46: =SUMIF($D3:$D$43,"KV3",M$3:M$43) -> 682921.18 | N46: =L46/E46 -> 0.65096137 | O46: =M46/F46 -> 0.22613284 | P46: =SUMIF($D3:$D43,"KV3",P3:P43) -> #VALUE! | Q46: =SUMIF($D3:$D43,"KV3",Q3:Q43) -> #VALUE! | R46: =P46/E46 -> #VALUE! | S46: =Q46/F46 -> #VALUE! | T46: =SUMIF($D3:$D39,"KV3",T3:T39) -> 750000 | AD46: =SUMIF($D3:$D39,"KV3",AD3:AD39) -> #N/A | AG46: =SUMIF($D3:$D39,"KV3",AG3:AG39) -> 760
B47: GGSN_TQ | E47: =SUM(E44:E46) -> 107200000 | F47: =VLOOKUP(B47,Input_Lic_Rate_PS!K:R,5,FALSE) -> 9020000 | G47: =VLOOKUP(B47,Input_Lic_Rate_PS!K:R,7,FALSE) -> #N/A | H47: =SUM(H44:H46) -> 65354954 | I47: =SUM(I44:I46) -> 3329747.6 | J47: 71252769 | K47: 3146550.1 | L47: =SUM(L44:L46) -> 72127535 | M47: =SUM(M44:M46) -> 3067447.6 | N47: =L47/E47 -> 0.67283148 | O47: =M47/F47 -> 0.34007179 | P47: =SUM(P44:P46) -> #VALUE! | Q47: =SUM(Q44:Q46) -> #VALUE! | R47: =P47/E47 -> #VALUE! | S47: =Q47/F47 -> #VALUE! | T47: =SUM(T44:T46) -> 4410000 | U47: =SUM(U3:U46) -> #VALUE! | Y47: =SUM(Y3:Y46) -> #VALUE! | Z47: =SUM(Z3:Z46) -> 4293000 | AD47: =SUM(AD44:AD46) -> #N/A | AG47: =SUM(AG44:AG46) -> 2715
T48: 120000
B49: Back to "Gioi Thieu Tai lieu"
J50: T/H NODE DOWN | K50: KV | L50: T/H NODE DOWN | M50: KV | N50: Node down | O50: Weight | P50: Bear | Q50: Throughput | R50: Zone | S50: zone1 | T50: zone1,2 | U50: Total Bear|PDP | AD50: Total
K51: KV1 | M51: KV1 | N51: GGHL15 | O51: 110 | P51: =VLOOKUP(N51,B:S,67,FALSE) -> #REF! | Q51: =VLOOKUP(N51,B:M,62,FALSE) -> #REF! | R51: Subs | AD51: =SUM(S51:T51) -> 0
K52: KV2 | M52: KV2 | N52: GGHK08 | O52: 110 | P52: =VLOOKUP(N52,B:S,67,FALSE) -> #REF! | Q52: =VLOOKUP(N52,B:M,62,FALSE) -> #REF!
K53: KV3 | M53: KV3 | N53: GGHT17 | O53: 130 | P53: =VLOOKUP(N53,B:S,67,FALSE) -> #REF! | Q53: =VLOOKUP(N53,B:M,62,FALSE) -> #REF!
J56: Bear share | K56: 1930000 | L56: Bear share | M56: 1930000 | N56: 0
K58: =((1/3)*$M$56*(AE3/SUM($AG$3:$AG$21))) -> #N/A | M58: =((1/3)*$M$56*(AG3/SUM($AG$3:$AG$21))) -> 19132.59

Sheet Resource_SGSN_by_NPMS
A1: STT | B1: Node | C1: Vendor | D1: KV | E1: License | H1: 13/03/2024 | L1: =Input_TaiNguyenPeak_SGSN_Daily!A2 -> 16/07/2024 | P1: Tỷ lệ sử dụng | Q1: Tỷ lệ SAU sử dụng khi UCTT (SGSN Down)
E2: License SAU | F2: License SAU (VHKT) | G2: MAX_SAU_UCTT | H2: Max. sau_4g sử dụng | I2: Max. sau_total sử dụng | J2: Bear 4G sửng dụng | K2: Total PDP+Bear sửa dụng | L2: Max. sau_4g sử dụng | M2: Max. sau_total sử dụng | N2: Bear 4G sửng dụng | O2: Total PDP+Bear sửa dụng | P2: %SAU license | Q2: current weight | R2: New weight | S2: SAU_UCTT | T2: %SAU_UCTT | U2: ON/OFF | V2: SAU UCTT_Khi MME VHT down (KV1,2) | W2: %SAU UCTT_Khi MME VHT down (KV1,2) | X2: SAU UCTT_Moved_Subs | Y2: %SAU UCTT_Moved_Subs | Z2: Ghi chú
A3: 1 | B3: SGHL04 | C3: Ericsson | D3: KV1 | E3: =VLOOKUP(B3,Input_Lic_Rate_PS!B:H,4,FALSE) -> 2500000 | F3: =VLOOKUP(B3,Input_Lic_Rate_PS!B:H,5,FALSE) -> 2800000 | G3: 2800000 | H3: 1880042 | I3: 2098944 | J3: 2393643 | K3: 2499063 | L3: =VLOOKUP($B3,Input_TaiNguyenPeak_SGSN_Daily!E:AA,6,FALSE) -> 1875244 | M3: =VLOOKUP($B3,Input_TaiNguyenPeak_SGSN_Daily!$E:AA,7,FALSE) -> 2092100 | N3: =VLOOKUP($B3,Input_TaiNguyenPeak_SGSN_Daily!$E:AA,14,FALSE) -> 2494637 | O3: =VLOOKUP($B3,Input_TaiNguyenPeak_SGSN_Daily!$E:AB,15,FALSE) -> 2599535 | P3: =M3/F3 -> 0.74717857 | Q3: =VLOOKUP(B3,Input_Lic_Rate_PS!B:I,8,FALSE) -> 18 | R3: 22 | S3: =IF(U3=0,0,M3+($M$15-$U$15)*R3/SUM($R$3:$R$14)) -> 2092100 | T3: =S3/G3 -> 0.74717857 | U3: =IF(R3=0,0,1)*M3 -> 2092100 | V3: =S3+R3/$R$15*$M$19 -> 2164292.6 | W3: =V3/G3 -> 0.77296164 | X3: =$M$15*R3/$R$15 -> 1561775.5 | Y3: =X3/G3 -> 0.55777697 | Z3: =VLOOKUP(B3,Input_Lic_Rate_PS!B:G,6,FALSE) -> MkVIII
A4: =COUNTA(A2,0,0) -> 2 | B4: SGHL05 | C4: Ericsson | D4: KV1 | E4: =VLOOKUP(B4,Input_Lic_Rate_PS!B:H,4,FALSE) -> 2500000 | F4: =VLOOKUP(B4,Input_Lic_Rate_PS!B:H,5,FALSE) -> 2800000 | G4: 2800000 | H4: 1910138 | I4: 2121770 | J4: 2493101 | K4: 2597983 | L4: =VLOOKUP(B4,Input_TaiNguyenPeak_SGSN_Daily!E:AA,6,FALSE) -> 1990929 | M4: =VLOOKUP($B4,Input_TaiNguyenPeak_SGSN_Daily!E:AA,7,FALSE) -> 2207777 | N4: =VLOOKUP($B4,Input_TaiNguyenPeak_SGSN_Daily!$E:AA,14,FALSE) -> 2679111 | O4: =VLOOKUP($B4,Input_TaiNguyenPeak_SGSN_Daily!$E:AB,15,FALSE) -> 2784486 | P4: =M4/F4 -> 0.78849179 | Q4: =VLOOKUP(B4,Input_Lic_Rate_PS!B:I,8,FALSE) -> 18 | R4: 22 | S4: =IF(U4=0,0,M4+($M$15-$U$15)*R4/SUM($R$3:$R$14)) -> 2207777 | T4: =S4/G4 -> 0.78849179 | U4: =IF(R4=0,0,1)*M4 -> 2207777 | V4: =S4+R4/$R$15*$M$19 -> 2279969.6 | W4: =V4/G4 -> 0.81427486 | X4: =$M$15*R4/$R$15 -> 1561775.5 | Y4: =X4/G4 -> 0.55777697 | Z4: =VLOOKUP(B4,Input_Lic_Rate_PS!B:G,6,FALSE) -> MkVIII
A5: 3 | B5: SGHL06 | C5: Ericsson | D5: KV1 | E5: =VLOOKUP(B5,Input_Lic_Rate_PS!B:H,4,FALSE) -> 3300000 | F5: =VLOOKUP(B5,Input_Lic_Rate_PS!B:H,5,FALSE) -> 3300000 | G5: 4000000 | H5: 2507064 | I5: 2752760 | J5: 3245860 | K5: 3367108 | L5: =VLOOKUP(B5,Input_TaiNguyenPeak_SGSN_Daily!E:AA,6,FALSE) -> 2705179 | M5: =VLOOKUP($B5,Input_TaiNguyenPeak_SGSN_Daily!E:AA,7,FALSE) -> 2956438 | N5: =VLOOKUP($B5,Input_TaiNguyenPeak_SGSN_Daily!$E:AA,14,FALSE) -> 3648430 | O5: =VLOOKUP($B5,Input_TaiNguyenPeak_SGSN_Daily!$E:AB,15,FALSE) -> 3777165 | P5: =M5/F5 -> 0.8958903 | Q5: =VLOOKUP(B5,Input_Lic_Rate_PS!B:I,8,FALSE) -> 38 | R5: 38 | S5: =IF(U5=0,0,M5+($M$15-$U$15)*R5/SUM($R$3:$R$14)) -> 2956438 | T5: =S5/G5 -> 0.7391095 | U5: =IF(R5=0,0,1)*M5 -> 2956438 | V5: =S5+R5/$R$15*$M$19 -> 3081134.3 | W5: =V5/G5 -> 0.77028358 | X5: =$M$15*R5/$R$15 -> 2697612.3 | Y5: =X5/G5 -> 0.67440307 | Z5: =VLOOKUP(B5,Input_Lic_Rate_PS!B:G,6,FALSE) -> MkX
A6: 4 | B6: SGHL07 | C6: Ericsson | D6: KV1 | E6: =VLOOKUP(B6,Input_Lic_Rate_PS!B:H,4,FALSE) -> 3300000 | F6: =VLOOKUP(B6,Input_Lic_Rate_PS!B:H,5,FALSE) -> 3300000 | G6: 4000000 | H6: 3111589 | I6: 3374497 | J6: 4041047 | K6: 4175969 | L6: =VLOOKUP(B6,Input_TaiNguyenPeak_SGSN_Daily!E:AA,6,FALSE) -> 2924572 | M6: =VLOOKUP($B6,Input_TaiNguyenPeak_SGSN_Daily!E:AA,7,FALSE) -> 3186825 | N6: =VLOOKUP($B6,Input_TaiNguyenPeak_SGSN_Daily!$E:AA,14,FALSE) -> 3926213 | O6: =VLOOKUP($B6,Input_TaiNguyenPeak_SGSN_Daily!$E:AB,15,FALSE) -> 4058378 | P6: =M6/F6 -> 0.96570455 | Q6: =VLOOKUP(B6,Input_Lic_Rate_PS!B:I,8,FALSE) -> 38 | R6: 38 | S6: =IF(U6=0,0,M6+($M$15-$U$15)*R6/SUM($R$3:$R$14)) -> 3186825 | T6: =S6/G6 -> 0.79670625 | U6: =IF(R6=0,0,1)*M6 -> 3186825 | V6: =S6+R6/$R$15*$M$19 -> 3311521.3 | W6: =V6/G6 -> 0.82788033 | X6: =$M$15*R6/$R$15 -> 2697612.3 | Y6: =X6/G6 -> 0.67440307 | Z6: =VLOOKUP(B6,Input_Lic_Rate_PS!B:G,6,FALSE) -> MkX
A7: 5 | B7: SGHL08 | C7: Ericsson | D7: KV1 | E7: =VLOOKUP(B7,Input_Lic_Rate_PS!B:H,4,FALSE) -> 3300000 | F7: =VLOOKUP(B7,Input_Lic_Rate_PS!B:H,5,FALSE) -> 3300000 | G7: 4000000 | H7: 2868864 | I7: 3113308 | J7: 3699111 | K7: 3826792 | L7: =VLOOKUP(B7,Input_TaiNguyenPeak_SGSN_Daily!E:AA,6,FALSE) -> 3388966 | M7: =VLOOKUP($B7,Input_TaiNguyenPeak_SGSN_Daily!E:AA,7,FALSE) -> 3656272 | N7: =VLOOKUP($B7,Input_TaiNguyenPeak_SGSN_Daily!$E:AA,14,FALSE) -> 4641262 | O7: =VLOOKUP($B7,Input_TaiNguyenPeak_SGSN_Daily!$E:AB,15,FALSE) -> 4784180 | P7: =M7/F7 -> 1.1079612 | Q7: =VLOOKUP(B7,Input_Lic_Rate_PS!B:I,8,FALSE) -> 38 | R7: 38 | S7: =IF(U7=0,0,M7+($M$15-$U$15)*R7/SUM($R$3:$R$14)) -> 3656272 | T7: =S7/G7 -> 0.914068 | U7: =IF(R7=0,0,1)*M7 -> 3656272 | V7: =S7+R7/$R$15*$M$19 -> 3780968.3 | W7: =V7/G7 -> 0.94524208 | X7: =$M$15*R7/$R$15 -> 2697612.3 | Y7: =X7/G7 -> 0.67440307 | Z7: =VLOOKUP(B7,Input_Lic_Rate_PS!B:G,6,FALSE) -> MkX
A8: 6 | B8: SGHL09 | C8: Ericsson | D8: KV1 | E8: =VLOOKUP(B8,Input_Lic_Rate_PS!B:H,4,FALSE) -> 3300000 | F8: =VLOOKUP(B8,Input_Lic_Rate_PS!B:H,5,FALSE) -> 3300000 | G8: 4000000 | H8: 2634618 | I8: 2887747 | J8: 3385159 | K8: 3513538 | L8: =VLOOKUP(B8,Input_TaiNguyenPeak_SGSN_Daily!E:AA,6,FALSE) -> 2774384 | M8: =VLOOKUP($B8,Input_TaiNguyenPeak_SGSN_Daily!E:AA,7,FALSE) -> 3033753 | N8: =VLOOKUP($B8,Input_TaiNguyenPeak_SGSN_Daily!$E:AA,14,FALSE) -> 3722698 | O8: =VLOOKUP($B8,Input_TaiNguyenPeak_SGSN_Daily!$E:AB,15,FALSE) -> 3855198 | P8: =M8/F8 -> 0.91931909 | Q8: =VLOOKUP(B8,Input_Lic_Rate_PS!B:I,8,FALSE) -> 38 | R8: 38 | S8: =IF(U8=0,0,M8+($M$15-$U$15)*R8/SUM($R$3:$R$14)) -> 3033753 | T8: =S8/G8 -> 0.75843825 | U8: =IF(R8=0,0,1)*M8 -> 3033753 | V8: =S8+R8/$R$15*$M$19 -> 3158449.3 | W8: =V8/G8 -> 0.78961233 | X8: =$M$15*R8/$R$15 -> 2697612.3 | Y8: =X8/G8 -> 0.67440307 | Z8: =VLOOKUP(B8,Input_Lic_Rate_PS!B:G,6,FALSE) -> MkX
A9: 7 | B9: SGHL10 | C9: Ericsson | D9: KV1 | E9: =VLOOKUP(B9,Input_Lic_Rate_PS!B:H,4,FALSE) -> 3300000 | F9: =VLOOKUP(B9,Input_Lic_Rate_PS!B:H,5,FALSE) -> 3300000 | G9: 4000000 | H9: 2244354 | I9: 2388784 | J9: 2854518 | K9: 2937736 | L9: =VLOOKUP(B9,Input_TaiNguyenPeak_SGSN_Daily!E:AA,6,FALSE) -> 2001731 | M9: =VLOOKUP($B9,Input_TaiNguyenPeak_SGSN_Daily!E:AA,7,FALSE) -> 2149015 | N9: =VLOOKUP($B9,Input_TaiNguyenPeak_SGSN_Daily!$E:AA,14,FALSE) -> 2671990 | O9: =VLOOKUP($B9,Input_TaiNguyenPeak_SGSN_Daily!$E:AB,15,FALSE) -> 2754767 | P9: =M9/F9 -> 0.65121667 | Q9: =VLOOKUP(B9,Input_Lic_Rate_PS!B:I,8,FALSE) -> 10 | R9: 38 | S9: =IF(U9=0,0,M9+($M$15-$U$15)*R9/SUM($R$3:$R$14)) -> 2149015 | T9: =S9/G9 -> 0.53725375 | U9: =IF(R9=0,0,1)*M9 -> 2149015 | V9: =S9+R9/$R$15*$M$19 -> 2273711.3 | W9: =V9/G9 -> 0.56842783 | X9: =$M$15*R9/$R$15 -> 2697612.3 | Y9: =X9/G9 -> 0.67440307 | Z9: =VLOOKUP(B9,Input_Lic_Rate_PS!B:G,6,FALSE) -> Cloud-TCHL01
A10: 8 | B10: SGHL11 | C10: Ericsson | D10: KV2 | E10: =VLOOKUP(B10,Input_Lic_Rate_PS!B:H,4,FALSE) -> 3300000 | F10: =VLOOKUP(B10,Input_Lic_Rate_PS!B:H,5,FALSE) -> 3300000 | G10: 4000000 | H10: 2333271 | I10: 2506624 | J10: 2970772 | K10: 3065080 | L10: =VLOOKUP(B10,Input_TaiNguyenPeak_SGSN_Daily!E:AA,6,FALSE) -> 2131857 | M10: =VLOOKUP($B10,Input_TaiNguyenPeak_SGSN_Daily!E:AA,7,FALSE) -> 2302813 | N10: =VLOOKUP($B10,Input_TaiNguyenPeak_SGSN_Daily!$E:AA,14,FALSE) -> 2857403 | O10: =VLOOKUP($B10,Input_TaiNguyenPeak_SGSN_Daily!$E:AB,15,FALSE) -> 2952581 | P10: =M10/F10 -> 0.69782212 | Q10: =VLOOKUP(B10,Input_Lic_Rate_PS!B:I,8,FALSE) -> 10 | R10: 38 | S10: =IF(U10=0,0,M10+($M$15-$U$15)*R10/SUM($R$3:$R$14)) -> 2302813 | T10: =S10/G10 -> 0.57570325 | U10: =IF(R10=0,0,1)*M10 -> 2302813 | V10: =S10+R10/$R$15*$M$19 -> 2427509.3 | W10: =V10/G10 -> 0.60687733 | X10: =$M$15*R10/$R$15 -> 2697612.3 | Y10: =X10/G10 -> 0.67440307 | Z10: =VLOOKUP(B10,Input_Lic_Rate_PS!B:G,6,FALSE) -> Cloud-TCHL01
A11: 9 | B11: SGHL12 | C11: Ericsson | D11: KV3 | E11: =VLOOKUP(B11,Input_Lic_Rate_PS!B:H,4,FALSE) -> 3300000 | F11: =VLOOKUP(B11,Input_Lic_Rate_PS!B:H,5,FALSE) -> 3300000 | G11: 4000000 | H11: 2367997 | I11: 2538623 | J11: 3045666 | K11: 3142954 | L11: =VLOOKUP(B11,Input_TaiNguyenPeak_SGSN_Daily!E:AA,6,FALSE) -> 2238958 | M11: =VLOOKUP($B11,Input_TaiNguyenPeak_SGSN_Daily!E:AA,7,FALSE) -> 2411283 | N11: =VLOOKUP($B11,Input_TaiNguyenPeak_SGSN_Daily!$E:AA,14,FALSE) -> 3033047 | O11: =VLOOKUP($B11,Input_TaiNguyenPeak_SGSN_Daily!$E:AB,15,FALSE) -> 3130502 | P11: =M11/F11 -> 0.73069182 | Q11: =VLOOKUP(B11,Input_Lic_Rate_PS!B:I,8,FALSE) -> 38 | R11: 38 | S11: =IF(U11=0,0,M11+($M$15-$U$15)*R11/SUM($R$3:$R$14)) -> 2411283 | T11: =S11/G11 -> 0.60282075 | U11: =IF(R11=0,0,1)*M11 -> 2411283 | V11: =S11+R11/$R$15*$M$19 -> 2535979.3 | W11: =V11/G11 -> 0.63399483 | X11: =$M$15*R11/$R$15 -> 2697612.3 | Y11: =X11/G11 -> 0.67440307 | Z11: =VLOOKUP(B11,Input_Lic_Rate_PS!B:G,6,FALSE) -> Cloud-TCHL02
A12: 10 | B12: SGHL13 | C12: Ericsson | D12: KV3 | E12: =VLOOKUP(B12,Input_Lic_Rate_PS!B:H,4,FALSE) -> 3300000 | F12: =VLOOKUP(B12,Input_Lic_Rate_PS!B:H,5,FALSE) -> 3300000 | G12: 4000000 | H12: 2337447 | I12: 2505430 | J12: 3006648 | K12: 3102592 | L12: =VLOOKUP(B12,Input_TaiNguyenPeak_SGSN_Daily!E:AA,6,FALSE) -> 2228714 | M12: =VLOOKUP($B12,Input_TaiNguyenPeak_SGSN_Daily!E:AA,7,FALSE) -> 2398830 | N12: =VLOOKUP($B12,Input_TaiNguyenPeak_SGSN_Daily!$E:AA,14,FALSE) -> 3019333 | O12: =VLOOKUP($B12,Input_TaiNguyenPeak_SGSN_Daily!$E:AB,15,FALSE) -> 3116025 | P12: =M12/F12 -> 0.72691818 | Q12: =VLOOKUP(B12,Input_Lic_Rate_PS!B:I,8,FALSE) -> 38 | R12: 38 | S12: =IF(U12=0,0,M12+($M$15-$U$15)*R12/SUM($R$3:$R$14)) -> 2398830 | T12: =S12/G12 -> 0.5997075 | U12: =IF(R12=0,0,1)*M12 -> 2398830 | V12: =S12+R12/$R$15*$M$19 -> 2523526.3 | W12: =V12/G12 -> 0.63088158 | X12: =$M$15*R12/$R$15 -> 2697612.3 | Y12: =X12/G12 -> 0.67440307 | Z12: =VLOOKUP(B12,Input_Lic_Rate_PS!B:G,6,FALSE) -> Cloud-TCHL02
A13: 11 | B13: SGHL14 | C13: Ericsson | D13: KV3 | E13: =VLOOKUP(B13,Input_Lic_Rate_PS!B:H,4,FALSE) -> 2000000 | F13: =VLOOKUP(B13,Input_Lic_Rate_PS!B:H,5,FALSE) -> 2000000 | G13: 4000000 | H13: 245885 | I13: 266847 | J13: 314783 | K13: 326462 | L13: =VLOOKUP(B13,Input_TaiNguyenPeak_SGSN_Daily!E:AA,6,FALSE) -> 597203 | M13: =VLOOKUP($B13,Input_TaiNguyenPeak_SGSN_Daily!E:AA,7,FALSE) -> 627602 | N13: =VLOOKUP($B13,Input_TaiNguyenPeak_SGSN_Daily!$E:AA,14,FALSE) -> 876462 | O13: =VLOOKUP($B13,Input_TaiNguyenPeak_SGSN_Daily!$E:AB,15,FALSE) -> 893741 | P13: =M13/F13 -> 0.313801 | Q13: =VLOOKUP(B13,Input_Lic_Rate_PS!B:I,8,FALSE) -> 10 | R13: 20 | S13: =IF(U13=0,0,M13+($M$15-$U$15)*R13/SUM($R$3:$R$14)) -> 627602 | T13: =S13/G13 -> 0.1569005 | U13: =IF(R13=0,0,1)*M13 -> 627602 | V13: =S13+R13/$R$15*$M$19 -> 693231.64 | W13: =V13/G13 -> 0.17330791 | X13: =$M$15*R13/$R$15 -> 1419795.9 | Y13: =X13/G13 -> 0.35494898 | Z13: =VLOOKUP(B13,Input_Lic_Rate_PS!B:G,6,FALSE) -> Cloud-TCHL01
A14: 12 | B14: SGHL15 | C14: Ericsson | D14: KV3 | E14: =VLOOKUP(B14,Input_Lic_Rate_PS!B:H,4,FALSE) -> 2000000 | F14: =VLOOKUP(B14,Input_Lic_Rate_PS!B:H,5,FALSE) -> 2000000 | G14: 4000000 | H14: 290215 | I14: 312153 | J14: 364595 | K14: 376408 | L14: =VLOOKUP(B14,Input_TaiNguyenPeak_SGSN_Daily!E:AA,6,FALSE) -> 493012 | M14: =VLOOKUP($B14,Input_TaiNguyenPeak_SGSN_Daily!E:AA,7,FALSE) -> 521333 | N14: =VLOOKUP($B14,Input_TaiNguyenPeak_SGSN_Daily!$E:AA,14,FALSE) -> 693958 | O14: =VLOOKUP($B14,Input_TaiNguyenPeak_SGSN_Daily!$E:AB,15,FALSE) -> 709766 | P14: =M14/F14 -> 0.2606665 | Q14: =VLOOKUP(B14,Input_Lic_Rate_PS!B:I,8,FALSE) -> 30 | R14: 20 | S14: =IF(U14=0,0,M14+($M$15-$U$15)*R14/SUM($R$3:$R$14)) -> 521333 | T14: =S14/G14 -> 0.13033325 | U14: =IF(R14=0,0,1)*M14 -> 521333 | V14: =S14+R14/$R$15*$M$19 -> 586962.64 | W14: =V14/G14 -> 0.14674066 | X14: =$M$15*R14/$R$15 -> 1419795.9 | Y14: =X14/G14 -> 0.35494898 | Z14: =VLOOKUP(B14,Input_Lic_Rate_PS!B:G,6,FALSE) -> Cloud-TCHL02
B15: Pool KV1 | C15: Ericsson | E15: =SUM(E3:E14) -> 35400000 | F15: =SUM(F3:F14) -> 36000000 | G15: =SUM(G3:G14) -> 45600000 | H15: 24731484 | I15: 26867487 | J15: 31814903 | K15: 32931685 | L15: =SUM(L3:L14) -> 25350749 | M15: =SUM(M3:M14) -> 27544041 | N15: =SUM(N3:N14) -> 34264544 | O15: =SUM(O3:O14) -> 35416324 | P15: =M15/F15 -> 0.76511225 | Q15: =SUM(Q3:Q14) -> 324 | R15: =SUM(R3:R14) -> 388 | U15: =SUM(U3:U14) -> 27544041 | X15: =SUM(X3:X14) -> 27544041
A16: 13 | B16: SGHL19 | C16: VHT | D16: KV3 | E16: =VLOOKUP(B16,Input_Lic_Rate_PS!B:H,4,FALSE) -> 1000000 | F16: =VLOOKUP(B16,Input_Lic_Rate_PS!B:H,5,FALSE) -> 1000000 | G16: 1000000 | H16: 535064 | I16: 535064 | J16: 662731 | K16: 662731 | L16: =VLOOKUP(B16,Input_TaiNguyenPeak_SGSN_Daily!E:AA,6,FALSE) -> 665007 | M16: =VLOOKUP($B16,Input_TaiNguyenPeak_SGSN_Daily!E:AA,7,FALSE) -> 665007 | N16: =VLOOKUP($B16,Input_TaiNguyenPeak_SGSN_Daily!$E:AA,14,FALSE) -> 832256 | O16: =VLOOKUP($B16,Input_TaiNguyenPeak_SGSN_Daily!$E:AB,15,FALSE) -> 832256 | P16: =M16/F16 -> 0.665007
A17: 14 | B17: SGHL20 | C17: VHT | D17: KV3 | E17: =VLOOKUP(B17,Input_Lic_Rate_PS!B:H,4,FALSE) -> 1000000 | F17: =VLOOKUP(B17,Input_Lic_Rate_PS!B:H,5,FALSE) -> 1000000 | G17: 1000000 | H17: 353206 | I17: 353206 | J17: 690245 | K17: 690245 | L17: =VLOOKUP(B17,Input_TaiNguyenPeak_SGSN_Daily!E:AA,6,FALSE) -> 224214 | M17: =VLOOKUP($B17,Input_TaiNguyenPeak_SGSN_Daily!E:AA,7,FALSE) -> 224214 | N17: =VLOOKUP($B17,Input_TaiNguyenPeak_SGSN_Daily!$E:AA,14,FALSE) -> 350092 | O17: =VLOOKUP($B17,Input_TaiNguyenPeak_SGSN_Daily!$E:AB,15,FALSE) -> 350092 | P17: =M17/F17 -> 0.224214
A18: 15 | B18: SGHL21 | C18: VHT | D18: KV3 | E18: =VLOOKUP(B18,Input_Lic_Rate_PS!B:H,4,FALSE) -> 1000000 | F18: =VLOOKUP(B18,Input_Lic_Rate_PS!B:H,5,FALSE) -> 1000000 | G18: 1000000 | H18: 316719 | I18: 316719 | J18: 377609 | K18: 377609 | L18: =VLOOKUP(B18,Input_TaiNguyenPeak_SGSN_Daily!E:AA,6,FALSE) -> 383994 | M18: =VLOOKUP($B18,Input_TaiNguyenPeak_SGSN_Daily!E:AA,7,FALSE) -> 383994 | N18: =VLOOKUP($B18,Input_TaiNguyenPeak_SGSN_Daily!$E:AA,14,FALSE) -> 522685 | O18: =VLOOKUP($B18,Input_TaiNguyenPeak_SGSN_Daily!$E:AB,15,FALSE) -> 522685 | P18: =M18/F18 -> 0.383994
B19: Pool KV1 | C19: VHT | F19: =SUM(F16:F18) -> 3000000 | G19: =SUM(G16:G18) -> 3000000 | H19: 1204989 | I19: 1204989 | J19: 1730585 | K19: 1730585 | L19: =SUM(L16:L18) -> 1273215 | M19: =SUM(M16:M18) -> 1273215 | N19: =SUM(N16:N18) -> 1705033 | O19: =SUM(O16:O18) -> 1705033 | P19: =M19/F19 -> 0.424405
A20: 15 | B20: SGHK01 | C20: Ericsson | D20: KV2 | E20: =VLOOKUP(B20,Input_Lic_Rate_PS!B:H,4,FALSE) -> 2300000 | F20: =VLOOKUP(B20,Input_Lic_Rate_PS!B:H,5,FALSE) -> 2300000 | G20: 2500000 | H20: 1330058 | I20: 1438659 | J20: 1634083 | K20: 1685476 | L20: =VLOOKUP(B20,Input_TaiNguyenPeak_SGSN_Daily!E:AA,6,FALSE) -> 1463609 | M20: =VLOOKUP($B20,Input_TaiNguyenPeak_SGSN_Daily!E:AA,7,FALSE) -> 1570197 | N20: =VLOOKUP($B20,Input_TaiNguyenPeak_SGSN_Daily!$E:AA,14,FALSE) -> 1818528 | O20: =VLOOKUP($B20,Input_TaiNguyenPeak_SGSN_Daily!$E:AB,15,FALSE) -> 1870229 | P20: =M20/F20 -> 0.68269435 | Q20: =VLOOKUP(B20,Input_Lic_Rate_PS!B:I,8,FALSE) -> 25 | R20: 25 | S20: =IF(U20=0,0,M20+($M$24-$U$24)*R20/SUM($R$20:$R$23)) -> 1570197 | T20: =S20/G20 -> 0.6280788 | U20: =IF(R20=0,0,1)*M20 -> 1570197 | V20: =S20+R20/SUM($R$20:$R$23)*$M$28 -> 2147541 | W20: =V20/G20 -> 0.8590164 | X20: =S20+R20/SUM($R$20:$R$23)*$AA$20 -> 1570197 | Y20: =X20/G20 -> 0.6280788 | Z20: =VLOOKUP(B20,Input_Lic_Rate_PS!B:G,6,FALSE) -> MkVIII
A21: 12 | B21: SGHK02 | C21: Ericsson | D21: KV2 | E21: =VLOOKUP(B21,Input_Lic_Rate_PS!B:H,4,FALSE) -> 2300000 | F21: =VLOOKUP(B21,Input_Lic_Rate_PS!B:H,5,FALSE) -> 2300000 | G21: 2500000 | H21: 1337091 | I21: 1455903 | J21: 1627394 | K21: 1679776 | L21: =VLOOKUP(B21,Input_TaiNguyenPeak_SGSN_Daily!E:AA,6,FALSE) -> 1469883 | M21: =VLOOKUP($B21,Input_TaiNguyenPeak_SGSN_Daily!E:AA,7,FALSE) -> 1584620 | N21: =VLOOKUP($B21,Input_TaiNguyenPeak_SGSN_Daily!$E:AA,14,FALSE) -> 1809404 | O21: =VLOOKUP($B21,Input_TaiNguyenPeak_SGSN_Daily!$E:AB,15,FALSE) -> 1860164 | P21: =M21/F21 -> 0.68896522 | Q21: =VLOOKUP(B21,Input_Lic_Rate_PS!B:I,8,FALSE) -> 25 | R21: 25 | S21: =IF(U21=0,0,M21+($M$24-$U$24)*R21/SUM($R$20:$R$23)) -> 1584620 | T21: =S21/G21 -> 0.633848 | U21: =IF(R21=0,0,1)*M21 -> 1584620 | V21: =S21+R21/SUM($R$20:$R$23)*$M$28 -> 2161964 | W21: =V21/G21 -> 0.8647856 | X21: =S21+R21/SUM($R$20:$R$23)*$AA$20 -> 1584620 | Y21: =X21/G21 -> 0.633848 | Z21: =VLOOKUP(B21,Input_Lic_Rate_PS!B:G,6,FALSE) -> MkVIII
A22: 13 | B22: SGHK03 | C22: Ericsson | D22: KV2 | E22: =VLOOKUP(B22,Input_Lic_Rate_PS!B:H,4,FALSE) -> 2300000 | F22: =VLOOKUP(B22,Input_Lic_Rate_PS!B:H,5,FALSE) -> 2300000 | G22: 2500000 | H22: 1329393 | I22: 1438011 | J22: 1618518 | K22: 1668620 | L22: =VLOOKUP(B22,Input_TaiNguyenPeak_SGSN_Daily!E:AA,6,FALSE) -> 1472282 | M22: =VLOOKUP($B22,Input_TaiNguyenPeak_SGSN_Daily!E:AA,7,FALSE) -> 1580068 | N22: =VLOOKUP($B22,Input_TaiNguyenPeak_SGSN_Daily!$E:AA,14,FALSE) -> 1813821 | O22: =VLOOKUP($B22,Input_TaiNguyenPeak_SGSN_Daily!$E:AB,15,FALSE) -> 1863475 | P22: =M22/F22 -> 0.68698609 | Q22: =VLOOKUP(B22,Input_Lic_Rate_PS!B:I,8,FALSE) -> 25 | R22: 25 | S22: =IF(U22=0,0,M22+($M$24-$U$24)*R22/SUM($R$20:$R$23)) -> 1580068 | T22: =S22/G22 -> 0.6320272 | U22: =IF(R22=0,0,1)*M22 -> 1580068 | V22: =S22+R22/SUM($R$20:$R$23)*$M$28 -> 2157412 | W22: =V22/G22 -> 0.8629648 | X22: =S22+R22/SUM($R$20:$R$23)*$AA$20 -> 1580068 | Y22: =X22/G22 -> 0.6320272 | Z22: =VLOOKUP(B22,Input_Lic_Rate_PS!B:G,6,FALSE) -> MkX
A23: 14 | B23: SGHK06 | C23: Ericsson | D23: KV2 | E23: =VLOOKUP(B23,Input_Lic_Rate_PS!B:H,4,FALSE) -> 2300000 | F23: =VLOOKUP(B23,Input_Lic_Rate_PS!B:H,5,FALSE) -> 2300000 | G23: 3000000 | H23: 1632987 | I23: 1751568 | J23: 2027002 | K23: 2080650 | L23: =VLOOKUP(B23,Input_TaiNguyenPeak_SGSN_Daily!E:AA,6,FALSE) -> 1788005 | M23: =VLOOKUP($B23,Input_TaiNguyenPeak_SGSN_Daily!E:AA,7,FALSE) -> 1902898 | N23: =VLOOKUP($B23,Input_TaiNguyenPeak_SGSN_Daily!$E:AA,14,FALSE) -> 2242563 | O23: =VLOOKUP($B23,Input_TaiNguyenPeak_SGSN_Daily!$E:AB,15,FALSE) -> 2294846 | P23: =M23/F23 -> 0.82734696 | Q23: =VLOOKUP(B23,Input_Lic_Rate_PS!B:I,8,FALSE) -> 25 | R23: 25 | S23: =IF(U23=0,0,M23+($M$24-$U$24)*R23/SUM($R$20:$R$23)) -> 1902898 | T23: =S23/G23 -> 0.63429933 | U23: =IF(R23=0,0,1)*M23 -> 1902898 | V23: =S23+R23/SUM($R$20:$R$23)*$M$28 -> 2480242 | W23: =V23/G23 -> 0.82674733 | X23: =S23+R23/SUM($R$20:$R$23)*$AA$20 -> 1902898 | Y23: =X23/G23 -> 0.63429933 | Z23: =VLOOKUP(B23,Input_Lic_Rate_PS!B:G,6,FALSE) -> Cloud-TCHK01
B24: Pool KV2 | C24: Ericsson | F24: =SUM(F20:F23) -> 9200000 | G24: =SUM(G20:G23) -> 10500000 | H24: 5629529 | I24: 6084141 | J24: 6906997 | K24: 7114522 | L24: =SUM(L20:L23) -> 6193779 | M24: =SUM(M20:M23) -> 6637783 | N24: =SUM(N20:N23) -> 7684316 | O24: =SUM(O20:O23) -> 7888714 | P24: =M24/F24 -> 0.72149815 | Q24: =SUM(Q20:Q23) -> 100 | R24: =SUM(R20:R23) -> 100 | U24: =SUM(U20:U23) -> 6637783
A25: 15 | B25: SGHK07 | C25: VHT | D25: KV2 | E25: =VLOOKUP(B25,Input_Lic_Rate_PS!B:H,4,FALSE) -> 1500000 | F25: =VLOOKUP(B25,Input_Lic_Rate_PS!B:H,5,FALSE) -> 1500000 | G25: 1000000 | H25: 813615 | I25: 813615 | J25: 1292858 | K25: 1292858 | L25: =VLOOKUP(B25,Input_TaiNguyenPeak_SGSN_Daily!E:AA,6,FALSE) -> 775147 | M25: =VLOOKUP($B25,Input_TaiNguyenPeak_SGSN_Daily!E:AA,7,FALSE) -> 775147 | N25: =VLOOKUP($B25,Input_TaiNguyenPeak_SGSN_Daily!$E:AA,14,FALSE) -> 970096 | O25: =VLOOKUP($B25,Input_TaiNguyenPeak_SGSN_Daily!$E:AB,15,FALSE) -> 970096 | P25: =M25/F25 -> 0.51676467
A26: 16 | B26: SGHK08 | C26: VHT | D26: KV2 | E26: =VLOOKUP(B26,Input_Lic_Rate_PS!B:H,4,FALSE) -> 1500000 | F26: =VLOOKUP(B26,Input_Lic_Rate_PS!B:H,5,FALSE) -> 1500000 | G26: 1000000 | H26: 805596 | I26: 805596 | J26: 1104361 | K26: 1104361 | L26: =VLOOKUP(B26,Input_TaiNguyenPeak_SGSN_Daily!E:AA,6,FALSE) -> 268609 | M26: =VLOOKUP($B26,Input_TaiNguyenPeak_SGSN_Daily!E:AA,7,FALSE) -> 268609 | N26: =VLOOKUP($B26,Input_TaiNguyenPeak_SGSN_Daily!$E:AA,14,FALSE) -> 336164 | O26: =VLOOKUP($B26,Input_TaiNguyenPeak_SGSN_Daily!$E:AB,15,FALSE) -> 336164 | P26: =M26/F26 -> 0.17907267
A27: 17 | B27: SGHK09 | C27: VHT | D27: KV2 | E27: =VLOOKUP(B27,Input_Lic_Rate_PS!B:H,4,FALSE) -> 1500000 | F27: =VLOOKUP(B27,Input_Lic_Rate_PS!B:H,5,FALSE) -> 1500000 | G27: 1000000 | H27: 810481 | I27: 810481 | J27: 1077008 | K27: 1077008 | L27: =VLOOKUP(B27,Input_TaiNguyenPeak_SGSN_Daily!E:AA,6,FALSE) -> 1265620 | M27: =VLOOKUP($B27,Input_TaiNguyenPeak_SGSN_Daily!E:AA,7,FALSE) -> 1265620 | N27: =VLOOKUP($B27,Input_TaiNguyenPeak_SGSN_Daily!$E:AA,14,FALSE) -> 1583922 | O27: =VLOOKUP($B27,Input_TaiNguyenPeak_SGSN_Daily!$E:AB,15,FALSE) -> 1583922 | P27: =M27/F27 -> 0.84374667
B28: Pool KV2 | C28: VHT | F28: =SUM(F24:F27) -> 13700000 | G28: =SUM(G25:G27) -> 3000000 | H28: 2429692 | I28: 2429692 | J28: 3474227 | K28: 3474227 | L28: =SUM(L25:L27) -> 2309376 | M28: =SUM(M25:M27) -> 2309376 | N28: =SUM(N25:N27) -> 2890182 | O28: =SUM(O25:O27) -> 2890182 | P28: =M28/F28 -> 0.16856759
A29: 18 | B29: SGHT07 | C29: Ericsson | D29: KV3 | E29: =VLOOKUP(B29,Input_Lic_Rate_PS!B:H,4,FALSE) -> 2500000 | F29: =VLOOKUP(B29,Input_Lic_Rate_PS!B:H,5,FALSE) -> 2800000 | G29: 2800000 | H29: 972693 | I29: 1082847 | J29: 1223482 | K29: 1266346 | L29: =VLOOKUP(B29,Input_TaiNguyenPeak_SGSN_Daily!E:AA,6,FALSE) -> 1131577 | M29: =VLOOKUP($B29,Input_TaiNguyenPeak_SGSN_Daily!E:AA,7,FALSE) -> 1229631 | N29: =VLOOKUP($B29,Input_TaiNguyenPeak_SGSN_Daily!$E:AA,14,FALSE) -> 1455783 | O29: =VLOOKUP($B29,Input_TaiNguyenPeak_SGSN_Daily!$E:AB,15,FALSE) -> 1495417 | P29: =M29/F29 -> 0.43915393 | Q29: 18 | R29: 18 | S29: =IF(U29=0,0,M29+($M$38-$U$38)*R29/SUM($R$29:$R$36)) -> 1239753.3 | T29: =S29/G29 -> 0.44276903 | U29: =IF(R29=0,0,1)*M29 -> 1229631 | X29: =Y29/G29 -> 0.36407937 | Y29: =(($M$38-$Y$45)*R29/$R$38) -> 1019422.2 | Z29: =VLOOKUP(B29,Input_Lic_Rate_PS!B:G,6,FALSE) -> MkVIII
A30: 19 | B30: SGHT08 | C30: Ericsson | D30: KV3 | E30: =VLOOKUP(B30,Input_Lic_Rate_PS!B:H,4,FALSE) -> 2500000 | F30: =VLOOKUP(B30,Input_Lic_Rate_PS!B:H,5,FALSE) -> 2800000 | G30: 2800000 | H30: 1289285 | I30: 1401746 | J30: 1667083 | K30: 1711047 | L30: =VLOOKUP(B30,Input_TaiNguyenPeak_SGSN_Daily!E:AA,6,FALSE) -> 1522303 | M30: =VLOOKUP($B30,Input_TaiNguyenPeak_SGSN_Daily!E:AA,7,FALSE) -> 1622395 | N30: =VLOOKUP($B30,Input_TaiNguyenPeak_SGSN_Daily!$E:AA,14,FALSE) -> 2020559 | O30: =VLOOKUP($B30,Input_TaiNguyenPeak_SGSN_Daily!$E:AB,15,FALSE) -> 2061631 | P30: =M30/F30 -> 0.57942679 | Q30: 18 | R30: 18 | S30: =IF(U30=0,0,M30+($M$38-$U$38)*R30/SUM($R$29:$R$36)) -> 1632517.3 | T30: =S30/G30 -> 0.58304188 | U30: =IF(R30=0,0,1)*M30 -> 1622395 | X30: =(S30-$X$43*R30/SUM($R$29:$R$33))/G30 -> 0.54093251 | Y30: =(($M$38-$Y$45)*R30/$R$38) -> 1019422.2 | Z30: =VLOOKUP(B30,Input_Lic_Rate_PS!B:G,6,FALSE) -> MkVIII
A31: 20 | B31: SGHT09 | C31: Ericsson | D31: KV3 | E31: =VLOOKUP(B31,Input_Lic_Rate_PS!B:H,4,FALSE) -> 3500000 | F31: =VLOOKUP(B31,Input_Lic_Rate_PS!B:H,5,FALSE) -> 3500000 | G31: 4200000 | H31: 2206522 | I31: 2301371 | J31: 2826249 | K31: 2869680 | L31: =VLOOKUP(B31,Input_TaiNguyenPeak_SGSN_Daily!E:AA,6,FALSE) -> 2278355 | M31: =VLOOKUP($B31,Input_TaiNguyenPeak_SGSN_Daily!E:AA,7,FALSE) -> 2378245 | N31: =VLOOKUP($B31,Input_TaiNguyenPeak_SGSN_Daily!$E:AA,14,FALSE) -> 2966047 | O31: =VLOOKUP($B31,Input_TaiNguyenPeak_SGSN_Daily!$E:AB,15,FALSE) -> 3012427 | P31: =M31/F31 -> 0.67949857 | Q31: =VLOOKUP(B31,Input_Lic_Rate_PS!B:I,8,FALSE) -> 38 | R31: 38 | S31: =IF(U31=0,0,M31+($M$38-$U$38)*R31/SUM($R$29:$R$36)) -> 2399614.2 | T31: =S31/G31 -> 0.57133672 | U31: =IF(R31=0,0,1)*M31 -> 2378245 | X31: =(S31-$X$43*R31/SUM($R$29:$R$33))/G31 -> 0.51207168 | Y31: =(($M$38-$Y$45)*R31/$R$38) -> 2152113.6 | Z31: =VLOOKUP(B31,Input_Lic_Rate_PS!B:G,6,FALSE) -> MkX
A32: 21 | B32: SGHT10 | C32: Ericsson | D32: KV3 | E32: =VLOOKUP(B32,Input_Lic_Rate_PS!B:H,4,FALSE) -> 3500000 | F32: =VLOOKUP(B32,Input_Lic_Rate_PS!B:H,5,FALSE) -> 3500000 | G32: 4200000 | H32: 2234990 | I32: 2378587 | J32: 2846083 | K32: 2905875 | L32: =VLOOKUP(B32,Input_TaiNguyenPeak_SGSN_Daily!E:AA,6,FALSE) -> 2334401 | M32: =VLOOKUP($B32,Input_TaiNguyenPeak_SGSN_Daily!E:AA,7,FALSE) -> 2464651 | N32: =VLOOKUP($B32,Input_TaiNguyenPeak_SGSN_Daily!$E:AA,14,FALSE) -> 3029835 | O32: =VLOOKUP($B32,Input_TaiNguyenPeak_SGSN_Daily!$E:AB,15,FALSE) -> 3085766 | P32: =M32/F32 -> 0.704186 | Q32: =VLOOKUP(B32,Input_Lic_Rate_PS!B:I,8,FALSE) -> 38 | R32: 38 | S32: =IF(U32=0,0,M32+($M$38-$U$38)*R32/SUM($R$29:$R$36)) -> 2486020.2 | T32: =S32/G32 -> 0.59190958 | U32: =IF(R32=0,0,1)*M32 -> 2464651 | X32: =(S32-$X$43*R32/SUM($R$29:$R$33))/G32 -> 0.53264454 | Y32: =(($M$38-$Y$45)*R32/$R$38) -> 2152113.6 | Z32: =VLOOKUP(B32,Input_Lic_Rate_PS!B:G,6,FALSE) -> MkX
A33: 22 | B33: SGHT11 | C33: Ericsson | D33: KV3 | E33: =VLOOKUP(B33,Input_Lic_Rate_PS!B:H,4,FALSE) -> 3400000 | F33: =VLOOKUP(B33,Input_Lic_Rate_PS!B:H,5,FALSE) -> 3400000 | G33: 4200000 | H33: 2195911 | I33: 2309023 | J33: 2802230 | K33: 2850327 | L33: =VLOOKUP(B33,Input_TaiNguyenPeak_SGSN_Daily!E:AA,6,FALSE) -> 2295470 | M33: =VLOOKUP($B33,Input_TaiNguyenPeak_SGSN_Daily!E:AA,7,FALSE) -> 2403065 | N33: =VLOOKUP($B33,Input_TaiNguyenPeak_SGSN_Daily!$E:AA,14,FALSE) -> 2981093 | O33: =VLOOKUP($B33,Input_TaiNguyenPeak_SGSN_Daily!$E:AB,15,FALSE) -> 3029300 | P33: =M33/F33 -> 0.70678382 | Q33: =VLOOKUP(B33,Input_Lic_Rate_PS!B:I,8,FALSE) -> 20 | R33: 38 | S33: =IF(U33=0,0,M33+($M$38-$U$38)*R33/SUM($R$29:$R$36)) -> 2424434.2 | T33: =S33/G33 -> 0.57724625 | U33: =IF(R33=0,0,1)*M33 -> 2403065 | X33: =(S33-$X$43*R33/SUM($R$29:$R$33))/G33 -> 0.51798121 | Y33: =(($M$38-$Y$45)*R33/$R$38) -> 2152113.6 | Z33: =VLOOKUP(B33,Input_Lic_Rate_PS!B:G,6,FALSE) -> MkX
A34: 23 | B34: SGHT12 | C34: Ericsson | D34: KV3 | E34: =VLOOKUP(B34,Input_Lic_Rate_PS!B:H,4,FALSE) -> 3400000 | F34: =VLOOKUP(B34,Input_Lic_Rate_PS!B:H,5,FALSE) -> 3400000 | G34: 5000000 | H34: 2559888 | I34: 2670174 | J34: 3354194 | K34: 3399511 | L34: =VLOOKUP(B34,Input_TaiNguyenPeak_SGSN_Daily!E:AA,6,FALSE) -> 2562412 | M34: =VLOOKUP($B34,Input_TaiNguyenPeak_SGSN_Daily!E:AA,7,FALSE) -> 2665682 | N34: =VLOOKUP($B34,Input_TaiNguyenPeak_SGSN_Daily!$E:AA,14,FALSE) -> 3400621 | O34: =VLOOKUP($B34,Input_TaiNguyenPeak_SGSN_Daily!$E:AB,15,FALSE) -> 3447549 | P34: =M34/F34 -> 0.78402412 | Q34: =VLOOKUP(B34,Input_Lic_Rate_PS!B:I,8,FALSE) -> 15 | R34: 38 | S34: =IF(U34=0,0,M34+($M$38-$U$38)*R34/SUM($R$29:$R$36)) -> 2687051.2 | T34: =S34/G34 -> 0.53741025 | U34: =IF(R34=0,0,1)*M34 -> 2665682 | Y34: =(($M$38-$Y$45)*R34/$R$38) -> 2152113.6 | Z34: =VLOOKUP(B34,Input_Lic_Rate_PS!B:G,6,FALSE) -> Cloud-TCHT01
A35: 24 | B35: SGHT13 | C35: Ericsson | D35: KV3 | E35: =VLOOKUP(B35,Input_Lic_Rate_PS!B:H,4,FALSE) -> 3400000 | F35: =VLOOKUP(B35,Input_Lic_Rate_PS!B:H,5,FALSE) -> 3400000 | G35: 5000000 | H35: 2641435 | I35: 2764139 | J35: 3437124 | K35: 3487493 | L35: =VLOOKUP(B35,Input_TaiNguyenPeak_SGSN_Daily!E:AA,6,FALSE) -> 2647169 | M35: =VLOOKUP($B35,Input_TaiNguyenPeak_SGSN_Daily!E:AA,7,FALSE) -> 2763591 | N35: =VLOOKUP($B35,Input_TaiNguyenPeak_SGSN_Daily!$E:AA,14,FALSE) -> 3503276 | O35: =VLOOKUP($B35,Input_TaiNguyenPeak_SGSN_Daily!$E:AB,15,FALSE) -> 3554199 | P35: =M35/F35 -> 0.81282088 | Q35: =VLOOKUP(B35,Input_Lic_Rate_PS!B:I,8,FALSE) -> 15 | R35: 38 | S35: =IF(U35=0,0,M35+($M$38-$U$38)*R35/SUM($R$29:$R$36)) -> 2784960.2 | T35: =S35/G35 -> 0.55699205 | U35: =IF(R35=0,0,1)*M35 -> 2763591 | Y35: =(($M$38-$Y$45)*R35/$R$38) -> 2152113.6 | Z35: =VLOOKUP(B35,Input_Lic_Rate_PS!B:G,6,FALSE) -> Cloud-TCHT01
A36: 25 | B36: SGHT14 | C36: Ericsson | D36: KV3 | E36: =VLOOKUP(B36,Input_Lic_Rate_PS!B:H,4,FALSE) -> 3400000 | F36: =VLOOKUP(B36,Input_Lic_Rate_PS!B:H,5,FALSE) -> 3400000 | G36: 5000000 | H36: 2882119 | I36: 3005619 | J36: 3747575 | K36: 3797489 | L36: =VLOOKUP(B36,Input_TaiNguyenPeak_SGSN_Daily!E:AA,6,FALSE) -> 2726049 | M36: =VLOOKUP($B36,Input_TaiNguyenPeak_SGSN_Daily!E:AA,7,FALSE) -> 2842152 | N36: =VLOOKUP($B36,Input_TaiNguyenPeak_SGSN_Daily!$E:AA,14,FALSE) -> 3604434 | O36: =VLOOKUP($B36,Input_TaiNguyenPeak_SGSN_Daily!$E:AB,15,FALSE) -> 3654418 | P36: =M36/F36 -> 0.83592706 | Q36: =VLOOKUP(B36,Input_Lic_Rate_PS!B:I,8,FALSE) -> 0 | R36: 38 | S36: =IF(U36=0,0,M36+($M$38-$U$38)*R36/SUM($R$29:$R$36)) -> 2863521.2 | T36: =S36/G36 -> 0.57270425 | U36: =IF(R36=0,0,1)*M36 -> 2842152 | Y36: =(($M$38-$Y$45)*R36/$R$38) -> 2152113.6 | Z36: =VLOOKUP(B36,Input_Lic_Rate_PS!B:G,6,FALSE) -> Cloud-TCHT01-NFVI02
A37: 26 | B37: SGHT15 | C37: Ericsson | D37: KV3 | E37: =VLOOKUP(B37,Input_Lic_Rate_PS!B:H,4,FALSE) -> 1000000 | F37: =VLOOKUP(B37,Input_Lic_Rate_PS!B:H,5,FALSE) -> 1000000 | G37: 2000000 | H37: 185284 | I37: 188497 | J37: 240233 | K37: 242214 | L37: =VLOOKUP(B37,Input_TaiNguyenPeak_SGSN_Daily!E:AA,6,FALSE) -> 145349 | M37: =VLOOKUP($B37,Input_TaiNguyenPeak_SGSN_Daily!E:AA,7,FALSE) -> 148460 | N37: =VLOOKUP($B37,Input_TaiNguyenPeak_SGSN_Daily!$E:AA,14,FALSE) -> 191861 | O37: =VLOOKUP($B37,Input_TaiNguyenPeak_SGSN_Daily!$E:AB,15,FALSE) -> 193738 | P37: =M37/F37 -> 0.14846 | Q37: =VLOOKUP(B37,Input_Lic_Rate_PS!B:I,8,FALSE) -> 0 | R37: 10 | S37: =IF(U37=0,0,M37+($M$38-$U$38)*R37/SUM($R$29:$R$36)) -> 154083.48 | T37: =S37/G37 -> 0.077041742 | U37: =IF(R37=0,0,1)*M37 -> 148460 | Y37: =(($M$38-$Y$45)*R37/$R$38) -> 566345.69 | Z37: =VLOOKUP(B37,Input_Lic_Rate_PS!B:G,6,FALSE) -> Cloud-TCHT01-NFVI02
A38: 23 | B38: Pool KV3 | C38: Ericsson | E38: =SUM(E29:E37) -> 26600000 | F38: =SUM(F29:F36) -> 26200000 | H38: 17168127 | I38: 18102003 | J38: 22144253 | K38: 22529982 | L38: =SUM(L29:L37) -> 17643085 | M38: =SUM(M29:M37) -> 18517872 | N38: =SUM(N29:N37) -> 23153509 | O38: =SUM(O29:O37) -> 23534445 | P38: =M38/F38 -> 0.70678901 | Q38: =SUM(Q29:Q37) -> 162 | R38: =SUM(R29:R37) -> 274 | U38: =SUM(U29:U36) -> 18369412
A39: KV1 | B39: SGSN_KV1 | E39: =SUM(E3:E9) -> 21500000 | F39: =SUM(F3:F9) -> 22100000 | H39: 25936473 | I39: 28072476 | J39: 33545488 | K39: 34662270 | L39: =L15+L19 -> 26623964 | M39: =M15+M19 -> 28817256 | N39: =N15+N19 -> 35969577 | O39: =O15+O19 -> 37121357 | P39: =M39/F39 -> 1.3039482
A40: KV2 | B40: SGSN_KV2 | E40: =SUM(E20:E24) -> 9200000 | F40: =SUM(F20:F24) -> 18400000 | H40: 8059221 | I40: 8513833 | J40: 10381224 | K40: 10588749 | L40: =L24+L28 -> 8503155 | M40: =M24+M28 -> 8947159 | N40: =N24+N28 -> 10574498 | O40: =O24+O28 -> 10778896 | P40: =M40/F40 -> 0.48625864
A41: KV3 | B41: SGSN_KV3 | E41: =SUM(E29:E36) -> 25600000 | F41: =SUM(F29:F36) -> 26200000 | H41: 17168127 | I41: 18102003 | J41: 22144253 | K41: 22529982 | L41: =L38 -> 17643085 | M41: =M38 -> 18517872 | N41: =N38 -> 23153509 | O41: =O38 -> 23534445 | P41: =M41/F41 -> 0.70678901
A42: TQ | B42: SGSN_TQ | E42: =SUM(E39:E41) -> 56300000 | F42: =SUM(F39:F41) -> 66700000 | H42: 51163821 | I42: 54688312 | J42: 66070965 | K42: 67781001 | L42: =SUM(L39:L41) -> 52770204 | M42: =SUM(M39:M41) -> 56282287 | N42: =SUM(N39:N41) -> 69697584 | O42: =SUM(O39:O41) -> 71434698 | P42: =M42/F42 -> 0.8438124
X43: 982552
B44: Back to "Gioi Thieu Tai lieu"
Y45: 3000000
E50: =SUM(E34:E37)/E38 -> 0.42105263

Sheet TEMP_GGSN_IMS_by_NOCPRO
E1: License (VHKT) | H1: 45718.872 | J1: =Input_NOCPRO_GGSN!B2 -> 46203.875 | L1: Tỷ lệ sử dụng | N1: Tải GGSN sau khi cắt chuyển/cân tải
A2: STT | B2: Node | C2: Vendor | D2: AREA CODE | E2: License Bear UCTT (110% License Node) | F2: License Throughput VHKT | G2: Total IPv4 | H2: Bear sử dụng | I2: Thgoughput | J2: Bear sử dụng | K2: Thgoughput | L2: %Bear | M2: %Throughput | N2: Bear sử dụng | O2: Thgoughput | P2: %Bear | Q2: %Throughput | R2: IMS | S2: IMS_Load | T2: GGSN Mbps license (official) | U2: Weight | V2: Actual Usage | W2: ON/OFF | X2: NEW WEIGHT | Y2: Change | Z2: HW/NFVI Site | AA2: Tăng/giảm
A3: 1 | B3: GGPD04 | C3: VHT | D3: KV1 | E3: =VLOOKUP(B3,Input_Lic_Rate_PS!K:P,4,FALSE) -> 4500000 | F3: =VLOOKUP(B3,Input_Lic_Rate_PS!K:R,5,FALSE) -> 150000 | G3: =VLOOKUP(B3,Input_Lic_Rate_PS!K:R,7,FALSE) -> 4500000 | H3: 1597798 | I3: 67891.11 | J3: =_xlfn.IFNA(VLOOKUP(B3,Input_NOCPRO_GGSN!C:G,4,FALSE),0) -> 1716536 | K3: =_xlfn.IFNA(VLOOKUP(B3,Input_NOCPRO_GGSN!C:G,5,FALSE),0) -> 73947.31 | L3: =J3/E3 -> 0.38145244 | M3: =K3/F3 -> 0.49298207 | N3: =(J3+(X3/SUM($X$3:$X$27)-U3/SUM($U$3:$U$27))*SUM($J$7:$J$27))*W3 -> -3.8314264e+09 | O3: =(K3+(X3/SUM($X$3:$X$27)-U3/SUM($U$3:$U$27))*SUM($K$7:$K$27))*W3 -> -1.606456e+08 | P3: =N3/E3 -> -851.42808 | Q3: =O3/F3 -> -1070.9706 | R3: SBPD07 | S3: =N3*7/17 -> -1.5776461e+09 | T3: 60000 | U3: =VLOOKUP(B3,idns_weight_PCSCF!A:I,6,) -> 90 | V3: =K3/(SUM($K$7:$K$27))*SUM($U$7:$U$27) -> 0.041387171 | W3: =IF(X3=0,0,1) -> 1 | X3: 90 | Y3: =IF(U3=X3,"NO","YES") -> YES | Z3: =VLOOKUP(B3,Input_Lic_Rate_PS!K:S,9,FALSE) -> TCPD07 | AA3: =O3-K3 -> -1.6071954e+08
A4: 2 | B4: GGPD05 | C4: VHT | D4: KV1 | E4: =VLOOKUP(B4,Input_Lic_Rate_PS!K:P,4,FALSE) -> 4500000 | F4: =VLOOKUP(B4,Input_Lic_Rate_PS!K:R,5,FALSE) -> 150000 | G4: =VLOOKUP(B4,Input_Lic_Rate_PS!K:R,7,FALSE) -> 4500000 | H4: 1604318 | I4: 68651.42 | J4: =_xlfn.IFNA(VLOOKUP(B4,Input_NOCPRO_GGSN!C:G,4,FALSE),0) -> 1719128 | K4: =_xlfn.IFNA(VLOOKUP(B4,Input_NOCPRO_GGSN!C:G,5,FALSE),0) -> 73989.91 | L4: =J4/E4 -> 0.38202844 | M4: =K4/F4 -> 0.49326607 | N4: =(J4+(X4/SUM($X$3:$X$27)-U4/SUM($U$3:$U$27))*SUM($J$7:$J$27))*W4 -> -3.8314238e+09 | O4: =(K4+(X4/SUM($X$3:$X$27)-U4/SUM($U$3:$U$27))*SUM($K$7:$K$27))*W4 -> -1.6064555e+08 | P4: =N4/E4 -> -851.4275 | Q4: =O4/F4 -> -1070.9704 | R4: SBHL04 | S4: =N4*7/17 -> -1.5776451e+09 | T4: 60000 | U4: =VLOOKUP(B4,idns_weight_PCSCF!A:I,6,) -> 90 | V4: =K4/(SUM($K$7:$K$27))*SUM($U$7:$U$27) -> 0.041411014 | W4: =IF(X4=0,0,1) -> 1 | X4: 90 | Y4: =IF(U4=X4,"NO","YES") -> YES | Z4: =VLOOKUP(B4,Input_Lic_Rate_PS!K:S,9,FALSE) -> TCPD07 | AA4: =O4-K4 -> -1.6071954e+08
A5: 3 | B5: GGPD06 | C5: VHT | D5: KV1 | E5: =VLOOKUP(B5,Input_Lic_Rate_PS!K:P,4,FALSE) -> 4500000 | F5: =VLOOKUP(B5,Input_Lic_Rate_PS!K:R,5,FALSE) -> 150000 | G5: =VLOOKUP(B5,Input_Lic_Rate_PS!K:R,7,FALSE) -> 4500000 | H5: 1597834 | I5: 66561.98 | J5: =_xlfn.IFNA(VLOOKUP(B5,Input_NOCPRO_GGSN!C:G,4,FALSE),0) -> 2292961 | K5: =_xlfn.IFNA(VLOOKUP(B5,Input_NOCPRO_GGSN!C:G,5,FALSE),0) -> 98606.04 | L5: =J5/E5 -> 0.50954689 | M5: =K5/F5 -> 0.6573736 | N5: =(J5+(X5/SUM($X$3:$X$27)-U5/SUM($U$3:$U$27))*SUM($J$7:$J$27))*W5 -> -5.1092424e+09 | O5: =(K5+(X5/SUM($X$3:$X$27)-U5/SUM($U$3:$U$27))*SUM($K$7:$K$27))*W5 -> -2.1422255e+08 | P5: =N5/E5 -> -1135.3872 | Q5: =O5/F5 -> -1428.1504 | R5: SBHL15 | S5: =N5*7/17 -> -2.1038057e+09 | T5: 60000 | U5: =VLOOKUP(B5,idns_weight_PCSCF!A:I,6,) -> 120 | V5: =K5/(SUM($K$7:$K$27))*SUM($U$7:$U$27) -> 0.055188283 | W5: =IF(X5=0,0,1) -> 1 | X5: 90 | Y5: =IF(U5=X5,"NO","YES") -> YES | Z5: =VLOOKUP(B5,Input_Lic_Rate_PS!K:S,9,FALSE) -> TCPD07 | AA5: =O5-K5 -> -2.1432116e+08
A6: 4 | B6: GGPD07 | C6: VHT | D6: KV1 | E6: =VLOOKUP(B6,Input_Lic_Rate_PS!K:P,4,FALSE) -> 4500000 | F6: =VLOOKUP(B6,Input_Lic_Rate_PS!K:R,5,FALSE) -> 150000 | G6: =VLOOKUP(B6,Input_Lic_Rate_PS!K:R,7,FALSE) -> 4500000 | H6: 1613654 | I6: 68632.88 | J6: =_xlfn.IFNA(VLOOKUP(B6,Input_NOCPRO_GGSN!C:G,4,FALSE),0) -> 2289918 | K6: =_xlfn.IFNA(VLOOKUP(B6,Input_NOCPRO_GGSN!C:G,5,FALSE),0) -> 98143.07 | L6: =J6/E6 -> 0.50887067 | M6: =K6/F6 -> 0.65428713 | N6: =(J6+(X6/SUM($X$3:$X$27)-U6/SUM($U$3:$U$27))*SUM($J$7:$J$27))*W6 -> -5.1092455e+09 | O6: =(K6+(X6/SUM($X$3:$X$27)-U6/SUM($U$3:$U$27))*SUM($K$7:$K$27))*W6 -> -2.1422302e+08 | P6: =N6/E6 -> -1135.3879 | Q6: =O6/F6 -> -1428.1534 | R6: SBHL16 | S6: =N6*7/17 -> -2.103807e+09 | T6: 60000 | U6: =VLOOKUP(B6,idns_weight_PCSCF!A:I,6,) -> 120 | V6: =K6/(SUM($K$7:$K$27))*SUM($U$7:$U$27) -> 0.054929166 | W6: =IF(X6=0,0,1) -> 1 | X6: 90 | Y6: =IF(U6=X6,"NO","YES") -> YES | Z6: =VLOOKUP(B6,Input_Lic_Rate_PS!K:S,9,FALSE) -> TCPD07 | AA6: =O6-K6 -> -2.1432116e+08
A7: 5 | B7: GGHL04 | C7: Ericsson | D7: KV1 | E7: =VLOOKUP(B7,Input_Lic_Rate_PS!K:P,4,FALSE) -> 1500000 | F7: =VLOOKUP(B7,Input_Lic_Rate_PS!K:R,5,FALSE) -> 80000 | G7: =VLOOKUP(B7,Input_Lic_Rate_PS!K:R,7,FALSE) -> 1755000 | H7: 1077968 | I7: 36817.49 | J7: =_xlfn.IFNA(VLOOKUP(B7,Input_NOCPRO_GGSN!C:G,4,FALSE),0) -> 826207 | K7: =_xlfn.IFNA(VLOOKUP(B7,Input_NOCPRO_GGSN!C:G,5,FALSE),0) -> 35174.75 | L7: =J7/E7 -> 0.55080467 | M7: =K7/F7 -> 0.43968438 | N7: =(J7+(X7/SUM($X$3:$X$27)-U7/SUM($U$3:$U$27))*SUM($J$7:$J$27))*W7 -> -1.2767751e+09 | O7: =(K7+(X7/SUM($X$3:$X$27)-U7/SUM($U$3:$U$27))*SUM($K$7:$K$27))*W7 -> -53533267 | P7: =N7/E7 -> -851.18337 | Q7: =O7/F7 -> -669.16584 | R7: =VLOOKUP(B7,IMS!A:B,4,FALSE) -> #REF! | S7: =N7*7/17 -> -5.2573091e+08 | T7: 60000 | U7: =VLOOKUP(B7,idns_weight_PCSCF!A:I,6,) -> 30 | V7: =K7/(SUM($K$7:$K$27))*SUM($U$7:$U$27) -> 0.019686766 | W7: =IF(X7=0,0,1) -> 1 | X7: 35 | Y7: =IF(U7=X7,"NO","YES") -> YES | Z7: =VLOOKUP(B7,Input_Lic_Rate_PS!K:S,9,FALSE) -> SSR 8020 | AA7: =O7-K7 -> -53568442
A8: 6 | B8: GGHL05 | C8: Ericsson | D8: KV1 | E8: =VLOOKUP(B8,Input_Lic_Rate_PS!K:P,4,FALSE) -> 1500000 | F8: =VLOOKUP(B8,Input_Lic_Rate_PS!K:R,5,FALSE) -> 80000 | G8: 1755000 | H8: 1084516 | I8: 37535.53 | J8: =_xlfn.IFNA(VLOOKUP(B8,Input_NOCPRO_GGSN!C:G,4,FALSE),0) -> 830618 | K8: =_xlfn.IFNA(VLOOKUP(B8,Input_NOCPRO_GGSN!C:G,5,FALSE),0) -> 35866.59 | L8: =J8/E8 -> 0.55374533 | M8: =K8/F8 -> 0.44833237 | N8: =(J8+(X8/SUM($X$3:$X$27)-U8/SUM($U$3:$U$27))*SUM($J$7:$J$27))*W8 -> -1.2767706e+09 | O8: =(K8+(X8/SUM($X$3:$X$27)-U8/SUM($U$3:$U$27))*SUM($K$7:$K$27))*W8 -> -53532575 | P8: =N8/E8 -> -851.18043 | Q8: =O8/F8 -> -669.15719 | R8: =VLOOKUP(B8,IMS!A:B,4,FALSE) -> #REF! | S8: =N8*7/17 -> -5.2572909e+08 | T8: 60000 | U8: =VLOOKUP(B8,idns_weight_PCSCF!A:I,6,) -> 30 | V8: =K8/(SUM($K$7:$K$27))*SUM($U$7:$U$27) -> 0.020073978 | W8: =IF(X8=0,0,1) -> 1 | X8: 35 | Y8: =IF(U8=X8,"NO","YES") -> YES | Z8: =VLOOKUP(B8,Input_Lic_Rate_PS!K:S,9,FALSE) -> SSR 8020 | AA8: =O8-K8 -> -53568442
A9: 7 | B9: GGHL06 | C9: Ericsson | D9: KV1 | E9: =VLOOKUP(B9,Input_Lic_Rate_PS!K:P,4,FALSE) -> 1500000 | F9: =VLOOKUP(B9,Input_Lic_Rate_PS!K:R,5,FALSE) -> 80000 | G9: 1755000 | H9: 1223070 | I9: 39391.84 | J9: =_xlfn.IFNA(VLOOKUP(B9,Input_NOCPRO_GGSN!C:G,4,FALSE),0) -> 415446 | K9: =_xlfn.IFNA(VLOOKUP(B9,Input_NOCPRO_GGSN!C:G,5,FALSE),0) -> 1240.67 | L9: =J9/E9 -> 0.276964 | M9: =K9/F9 -> 0.015508375 | N9: =(J9+(X9/SUM($X$3:$X$27)-U9/SUM($U$3:$U$27))*SUM($J$7:$J$27))*W9 -> -41519445 | O9: =(K9+(X9/SUM($X$3:$X$27)-U9/SUM($U$3:$U$27))*SUM($K$7:$K$27))*W9 -> -1757044 | P9: =N9/E9 -> -27.67963 | Q9: =O9/F9 -> -21.96305 | R9: =VLOOKUP(B9,IMS!A:B,4,FALSE) -> #REF! | S9: =N9*7/17 -> -17096242 | T9: 60000 | U9: 1 | V9: =K9/(SUM($K$7:$K$27))*SUM($U$7:$U$27) -> 0.0006943839 | W9: =IF(X9=0,0,1) -> 1 | X9: 30 | Y9: =IF(U9=X9,"NO","YES") -> YES | Z9: =VLOOKUP(B9,Input_Lic_Rate_PS!K:S,9,FALSE) -> SSR 8020 | AA9: =O9-K9 -> -1758284.7
A10: 8 | B10: GGHL07 | C10: Ericsson | D10: KV1 | E10: =VLOOKUP(B10,Input_Lic_Rate_PS!K:P,4,FALSE) -> 1500000 | F10: =VLOOKUP(B10,Input_Lic_Rate_PS!K:R,5,FALSE) -> 80000 | G10: =VLOOKUP(B10,Input_Lic_Rate_PS!K:R,7,FALSE) -> 1690000 | H10: 1164324 | I10: 43772 | J10: =_xlfn.IFNA(VLOOKUP(B10,Input_NOCPRO_GGSN!C:G,4,FALSE),0) -> 919042 | K10: =_xlfn.IFNA(VLOOKUP(B10,Input_NOCPRO_GGSN!C:G,5,FALSE),0) -> 35731.81 | L10: =J10/E10 -> 0.61269467 | M10: =K10/F10 -> 0.44664762 | N10: =(J10+(X10/SUM($X$3:$X$27)-U10/SUM($U$3:$U$27))*SUM($J$7:$J$27))*W10 -> -1.2766822e+09 | O10: =(K10+(X10/SUM($X$3:$X$27)-U10/SUM($U$3:$U$27))*SUM($K$7:$K$27))*W10 -> -53532710 | P10: =N10/E10 -> -851.12148 | Q10: =O10/F10 -> -669.15888 | R10: =VLOOKUP(B10,IMS!A:B,4,FALSE) -> #REF! | S10: =N10*7/17 -> -5.2569268e+08 | T10: 60000 | U10: =VLOOKUP(B10,idns_weight_PCSCF!A:I,6,) -> 30 | V10: =K10/(SUM($K$7:$K$27))*SUM($U$7:$U$27) -> 0.019998544 | W10: =IF(X10=0,0,1) -> 1 | X10: 35 | Y10: =IF(U10=X10,"NO","YES") -> YES | Z10: =VLOOKUP(B10,Input_Lic_Rate_PS!K:S,9,FALSE) -> SSR 8020 | AA10: =O10-K10 -> -53568442
A11: 9 | B11: GGHL11 | C11: Ericsson | D11: KV1 | E11: =VLOOKUP(B11,Input_Lic_Rate_PS!K:P,4,FALSE) -> 2800000 | F11: =VLOOKUP(B11,Input_Lic_Rate_PS!K:R,5,FALSE) -> 150000 | G11: =VLOOKUP(B11,Input_Lic_Rate_PS!K:R,7,FALSE) -> 2990000 | H11: 2071269 | I11: 72895.95 | J11: =_xlfn.IFNA(VLOOKUP(B11,Input_NOCPRO_GGSN!C:G,4,FALSE),0) -> 2019275 | K11: =_xlfn.IFNA(VLOOKUP(B11,Input_NOCPRO_GGSN!C:G,5,FALSE),0) -> 82498.41 | L11: =J11/E11 -> 0.72116964 | M11: =K11/F11 -> 0.5499894 | N11: =(J11+(X11/SUM($X$3:$X$27)-U11/SUM($U$3:$U$27))*SUM($J$7:$J$27))*W11 -> -3.4052189e+09 | O11: =(K11+(X11/SUM($X$3:$X$27)-U11/SUM($U$3:$U$27))*SUM($K$7:$K$27))*W11 -> -1.4277932e+08 | P11: =N11/E11 -> -1216.1496 | Q11: =O11/F11 -> -951.86212 | R11: =VLOOKUP(B11,IMS!A:B,4,FALSE) -> #REF! | S11: =N11*7/17 -> -1.4021489e+09 | T11: 135000 | U11: =VLOOKUP(B11,idns_weight_PCSCF!A:I,6,) -> 80 | V11: =K11/(SUM($K$7:$K$27))*SUM($U$7:$U$27) -> 0.04617309 | W11: =IF(X11=0,0,1) -> 1 | X11: 80 | Y11: =IF(U11=X11,"NO","YES") -> YES | Z11: =VLOOKUP(B11,Input_Lic_Rate_PS!K:S,9,FALSE) -> SSR 8020 | AA11: =O11-K11 -> -1.4286182e+08
A12: 10 | B12: GGHL12 | C12: Ericsson | D12: KV1 | E12: =VLOOKUP(B12,Input_Lic_Rate_PS!K:P,4,FALSE) -> 2800000 | F12: =VLOOKUP(B12,Input_Lic_Rate_PS!K:R,5,FALSE) -> 150000 | G12: =VLOOKUP(B12,Input_Lic_Rate_PS!K:R,7,FALSE) -> 2990000 | H12: 2082303 | I12: 73270.59 | J12: =_xlfn.IFNA(VLOOKUP(B12,Input_NOCPRO_GGSN!C:G,4,FALSE),0) -> 1996136 | K12: =_xlfn.IFNA(VLOOKUP(B12,Input_NOCPRO_GGSN!C:G,5,FALSE),0) -> 80461.34 | L12: =J12/E12 -> 0.71290571 | M12: =K12/F12 -> 0.53640893 | N12: =(J12+(X12/SUM($X$3:$X$27)-U12/SUM($U$3:$U$27))*SUM($J$7:$J$27))*W12 -> -3.405242e+09 | O12: =(K12+(X12/SUM($X$3:$X$27)-U12/SUM($U$3:$U$27))*SUM($K$7:$K$27))*W12 -> -1.4278136e+08 | P12: =N12/E12 -> -1216.1579 | Q12: =O12/F12 -> -951.8757 | R12: =VLOOKUP(B12,IMS!A:B,4,FALSE) -> #REF! | S12: =N12*7/17 -> -1.4021585e+09 | T12: 135000 | U12: =VLOOKUP(B12,idns_weight_PCSCF!A:I,6,) -> 80 | V12: =K12/(SUM($K$7:$K$27))*SUM($U$7:$U$27) -> 0.045032974 | W12: =IF(X12=0,0,1) -> 1 | X12: 80 | Y12: =IF(U12=X12,"NO","YES") -> YES | Z12: =VLOOKUP(B12,Input_Lic_Rate_PS!K:S,9,FALSE) -> SSR 8020 | AA12: =O12-K12 -> -1.4286182e+08
A13: 13 | B13: GGHL08 | C13: Ericsson | D13: KV1 | E13: =VLOOKUP(B13,Input_Lic_Rate_PS!K:P,4,FALSE) -> 2800000 | F13: =VLOOKUP(B13,Input_Lic_Rate_PS!K:R,5,FALSE) -> 150000 | G13: =VLOOKUP(B13,Input_Lic_Rate_PS!K:R,7,FALSE) -> 2990000 | H13: 2068694 | I13: 72310.73 | J13: =_xlfn.IFNA(VLOOKUP(B13,Input_NOCPRO_GGSN!C:G,4,FALSE),0) -> 2009901 | K13: =_xlfn.IFNA(VLOOKUP(B13,Input_NOCPRO_GGSN!C:G,5,FALSE),0) -> 81494.97 | L13: =J13/E13 -> 0.71782179 | M13: =K13/F13 -> 0.5432998 | N13: =(J13+(X13/SUM($X$3:$X$27)-U13/SUM($U$3:$U$27))*SUM($J$7:$J$27))*W13 -> -3.4052282e+09 | O13: =(K13+(X13/SUM($X$3:$X$27)-U13/SUM($U$3:$U$27))*SUM($K$7:$K$27))*W13 -> -1.4278032e+08 | P13: =N13/E13 -> -1216.1529 | Q13: =O13/F13 -> -951.86881 | R13: =VLOOKUP(B13,IMS!A:B,4,FALSE) -> #REF! | S13: =N13*7/17 -> -1.4021528e+09 | T13: 135000 | U13: =VLOOKUP(B13,idns_weight_PCSCF!A:I,6,) -> 80 | V13: =K13/(SUM($K$7:$K$27))*SUM($U$7:$U$27) -> 0.04561148 | W13: =IF(X13=0,0,1) -> 1 | X13: 80 | Y13: =IF(U13=X13,"NO","YES") -> YES | Z13: =VLOOKUP(B13,Input_Lic_Rate_PS!K:S,9,FALSE) -> SSR 8020 | AA13: =O13-K13 -> -1.4286182e+08
A14: 14 | B14: GGHL09 | C14: Ericsson | D14: KV1 | E14: =VLOOKUP(B14,Input_Lic_Rate_PS!K:P,4,FALSE) -> 2800000 | F14: =VLOOKUP(B14,Input_Lic_Rate_PS!K:R,5,FALSE) -> 150000 | G14: =VLOOKUP(B14,Input_Lic_Rate_PS!K:R,7,FALSE) -> 2990000 | H14: 2063248 | I14: 72570.4 | J14: =_xlfn.IFNA(VLOOKUP(B14,Input_NOCPRO_GGSN!C:G,4,FALSE),0) -> 2011040 | K14: =_xlfn.IFNA(VLOOKUP(B14,Input_NOCPRO_GGSN!C:G,5,FALSE),0) -> 80740.83 | L14: =J14/E14 -> 0.71822857 | M14: =K14/F14 -> 0.5382722 | N14: =(J14+(X14/SUM($X$3:$X$27)-U14/SUM($U$3:$U$27))*SUM($J$7:$J$27))*W14 -> -3.4052271e+09 | O14: =(K14+(X14/SUM($X$3:$X$27)-U14/SUM($U$3:$U$27))*SUM($K$7:$K$27))*W14 -> -1.4278108e+08 | P14: =N14/E14 -> -1216.1525 | Q14: =O14/F14 -> -951.87384 | R14: =VLOOKUP(B14,IMS!A:B,4,FALSE) -> #REF! | S14: =N14*7/17 -> -1.4021523e+09 | T14: 60000 | U14: =VLOOKUP(B14,idns_weight_PCSCF!A:I,6,) -> 80 | V14: =K14/(SUM($K$7:$K$27))*SUM($U$7:$U$27) -> 0.0451894 | W14: =IF(X14=0,0,1) -> 1 | X14: 80 | Y14: =IF(U14=X14,"NO","YES") -> YES | Z14: =VLOOKUP(B14,Input_Lic_Rate_PS!K:S,9,FALSE) -> SSR 8020 | AA14: =O14-K14 -> -1.4286182e+08
A15: 15 | B15: GGHL10 | C15: Ericsson | D15: KV1 | E15: =VLOOKUP(B15,Input_Lic_Rate_PS!K:P,4,FALSE) -> 2400000 | F15: =VLOOKUP(B15,Input_Lic_Rate_PS!K:R,5,FALSE) -> 100000 | G15: =VLOOKUP(B15,Input_Lic_Rate_PS!K:R,7,FALSE) -> 2470000 | H15: 1851938 | I15: 64788.22 | J15: =_xlfn.IFNA(VLOOKUP(B15,Input_NOCPRO_GGSN!C:G,4,FALSE),0) -> 1763152 | K15: =_xlfn.IFNA(VLOOKUP(B15,Input_NOCPRO_GGSN!C:G,5,FALSE),0) -> 71457.77 | L15: =J15/E15 -> 0.73464667 | M15: =K15/F15 -> 0.7145777 | N15: =(J15+(X15/SUM($X$3:$X$27)-U15/SUM($U$3:$U$27))*SUM($J$7:$J$27))*W15 -> -2.9795702e+09 | O15: =(K15+(X15/SUM($X$3:$X$27)-U15/SUM($U$3:$U$27))*SUM($K$7:$K$27))*W15 -> -1.2493263e+08 | P15: =N15/E15 -> -1241.4876 | Q15: =O15/F15 -> -1249.3263 | R15: =VLOOKUP(B15,IMS!A:B,4,FALSE) -> #REF! | S15: =N15*7/17 -> -1.2268819e+09 | T15: 60000 | U15: =VLOOKUP(B15,idns_weight_PCSCF!A:I,6,) -> 70 | V15: =K15/(SUM($K$7:$K$27))*SUM($U$7:$U$27) -> 0.039993814 | W15: =IF(X15=0,0,1) -> 1 | X15: 70 | Y15: =IF(U15=X15,"NO","YES") -> YES | Z15: =VLOOKUP(B15,Input_Lic_Rate_PS!K:S,9,FALSE) -> SSR 8020 | AA15: =O15-K15 -> -1.2500409e+08 | AB15: =K15/J15 -> 0.040528423
A16: 16 | B16: GGHL13 | C16: Ericsson | D16: KV1 | E16: =VLOOKUP(B16,Input_Lic_Rate_PS!K:P,4,FALSE) -> 4000000 | F16: =VLOOKUP(B16,Input_Lic_Rate_PS!K:R,5,FALSE) -> 180000 | G16: =VLOOKUP(B16,Input_Lic_Rate_PS!K:R,7,FALSE) -> 4063232 | H16: 2814405 | I16: 102775.2 | J16: =_xlfn.IFNA(VLOOKUP(B16,Input_NOCPRO_GGSN!C:G,4,FALSE),0) -> 2958612 | K16: =_xlfn.IFNA(VLOOKUP(B16,Input_NOCPRO_GGSN!C:G,5,FALSE),0) -> 118058.61 | L16: =J16/E16 -> 0.739653 | M16: =K16/F16 -> 0.65588117 | N16: =(J16+(X16/SUM($X$3:$X$27)-U16/SUM($U$3:$U$27))*SUM($J$7:$J$27))*W16 -> 0 | O16: =(K16+(X16/SUM($X$3:$X$27)-U16/SUM($U$3:$U$27))*SUM($K$7:$K$27))*W16 -> 0 | P16: =N16/E16 -> 0 | Q16: =O16/F16 -> 0 | R16: =VLOOKUP(B16,IMS!A:B,4,FALSE) -> #REF! | S16: =N16*7/17 -> 0 | T16: 200000 | U16: =VLOOKUP(B16,idns_weight_PCSCF!A:I,6,) -> 120 | V16: =K16/(SUM($K$7:$K$27))*SUM($U$7:$U$27) -> 0.066075587 | W16: =IF(X16=0,0,1) -> 0 | X16: 0 | Y16: =IF(U16=X16,"NO","YES") -> YES | Z16: =VLOOKUP(B16,Input_Lic_Rate_PS!K:S,9,FALSE) -> TCHL01 | AA16: =O16-K16 -> -118058.61
A17: 17 | B17: GGHL16 | C17: Ericsson | D17: KV1 | E17: =VLOOKUP(B17,Input_Lic_Rate_PS!K:P,4,FALSE) -> 4000000 | F17: =VLOOKUP(B17,Input_Lic_Rate_PS!K:R,5,FALSE) -> 180000 | G17: =VLOOKUP(B17,Input_Lic_Rate_PS!K:R,7,FALSE) -> 4063232 | H17: 2853892 | I17: 103422.6 | J17: =_xlfn.IFNA(VLOOKUP(B17,Input_NOCPRO_GGSN!C:G,4,FALSE),0) -> 1308070 | K17: =_xlfn.IFNA(VLOOKUP(B17,Input_NOCPRO_GGSN!C:G,5,FALSE),0) -> 53615.92 | L17: =J17/E17 -> 0.3270175 | M17: =K17/F17 -> 0.29786622 | N17: =(J17+(X17/SUM($X$3:$X$27)-U17/SUM($U$3:$U$27))*SUM($J$7:$J$27))*W17 -> -2.1266333e+09 | O17: =(K17+(X17/SUM($X$3:$X$27)-U17/SUM($U$3:$U$27))*SUM($K$7:$K$27))*W17 -> -89168669 | P17: =N17/E17 -> -531.65833 | Q17: =O17/F17 -> -495.38149 | R17: =VLOOKUP(B17,IMS!A:B,4,FALSE) -> #REF! | S17: =N17*7/17 -> -8.7567254e+08 | T17: 200000 | U17: =VLOOKUP(B17,idns_weight_PCSCF!A:I,6,) -> 50 | V17: =K17/(SUM($K$7:$K$27))*SUM($U$7:$U$27) -> 0.030008005 | W17: 1 | X17: 120 | Y17: =IF(U17=X17,"NO","YES") -> YES | Z17: =VLOOKUP(B17,Input_Lic_Rate_PS!K:S,9,FALSE) -> TCHL02 | AA17: =O17-K17 -> -89222285
A18: 18 | B18: GGHL14 | C18: Ericsson | D18: KV1 | E18: =VLOOKUP(B18,Input_Lic_Rate_PS!K:P,4,FALSE) -> 4000000 | F18: =VLOOKUP(B18,Input_Lic_Rate_PS!K:R,5,FALSE) -> 180000 | G18: =VLOOKUP(B18,Input_Lic_Rate_PS!K:R,7,FALSE) -> 4063232 | H18: 2819853 | I18: 103292.31 | J18: =_xlfn.IFNA(VLOOKUP(B18,Input_NOCPRO_GGSN!C:G,4,FALSE),0) -> 2946644 | K18: =_xlfn.IFNA(VLOOKUP(B18,Input_NOCPRO_GGSN!C:G,5,FALSE),0) -> 118281.94 | L18: =J18/E18 -> 0.736661 | M18: =K18/F18 -> 0.65712189 | N18: =(J18+(X18/SUM($X$3:$X$27)-U18/SUM($U$3:$U$27))*SUM($J$7:$J$27))*W18 -> -5.1079105e+09 | O18: =(K18+(X18/SUM($X$3:$X$27)-U18/SUM($U$3:$U$27))*SUM($K$7:$K$27))*W18 -> -2.1417444e+08 | P18: =N18/E18 -> -1276.9776 | Q18: =O18/F18 -> -1189.858 | R18: =VLOOKUP(B18,IMS!A:B,4,FALSE) -> #REF! | S18: =N18*7/17 -> -2.1032573e+09 | T18: 200000 | U18: =VLOOKUP(B18,idns_weight_PCSCF!A:I,6,) -> 120 | V18: =K18/(SUM($K$7:$K$27))*SUM($U$7:$U$27) -> 0.066200581 | W18: =IF(X18=0,0,1) -> 1 | X18: 120 | Y18: =IF(U18=X18,"NO","YES") -> YES | Z18: =VLOOKUP(B18,Input_Lic_Rate_PS!K:S,9,FALSE) -> TCHL01 | AA18: =O18-K18 -> -2.1429272e+08
A19: 19 | B19: GGHL17 | C19: Ericsson | D19: KV1 | E19: =VLOOKUP(B19,Input_Lic_Rate_PS!K:P,4,FALSE) -> 4000000 | F19: =VLOOKUP(B19,Input_Lic_Rate_PS!K:R,5,FALSE) -> 180000 | G19: =VLOOKUP(B19,Input_Lic_Rate_PS!K:R,7,FALSE) -> 4063232 | H19: 2963332 | I19: 103595.17 | J19: =_xlfn.IFNA(VLOOKUP(B19,Input_NOCPRO_GGSN!C:G,4,FALSE),0) -> 2824352 | K19: =_xlfn.IFNA(VLOOKUP(B19,Input_NOCPRO_GGSN!C:G,5,FALSE),0) -> 110213.34 | L19: =J19/E19 -> 0.706088 | M19: =K19/F19 -> 0.61229633 | N19: =(J19+(X19/SUM($X$3:$X$27)-U19/SUM($U$3:$U$27))*SUM($J$7:$J$27))*W19 -> 0 | O19: =(K19+(X19/SUM($X$3:$X$27)-U19/SUM($U$3:$U$27))*SUM($K$7:$K$27))*W19 -> 0 | P19: =N19/E19 -> 0 | Q19: =O19/F19 -> 0 | R19: =VLOOKUP(B19,IMS!A:B,4,FALSE) -> #REF! | S19: =N19*7/17 -> 0 | T19: 200000 | U19: =VLOOKUP(B19,idns_weight_PCSCF!A:I,6,) -> 120 | V19: =K19/(SUM($K$7:$K$27))*SUM($U$7:$U$27) -> 0.06168471 | W19: =IF(X19=0,0,1) -> 0 | X19: 0 | Y19: =IF(U19=X19,"NO","YES") -> YES | Z19: =VLOOKUP(B19,Input_Lic_Rate_PS!K:S,9,FALSE) -> TCHL01 | AA19: =O19-K19 -> -110213.34
A20: 20 | B20: GGHL18 | C20: Ericsson | D20: KV1 | E20: =VLOOKUP(B20,Input_Lic_Rate_PS!K:P,4,FALSE) -> 4000000 | F20: =VLOOKUP(B20,Input_Lic_Rate_PS!K:R,5,FALSE) -> 180000 | G20: =VLOOKUP(B20,Input_Lic_Rate_PS!K:R,7,FALSE) -> 4063232 | H20: 2992926 | I20: 104290.45 | J20: =_xlfn.IFNA(VLOOKUP(B20,Input_NOCPRO_GGSN!C:G,4,FALSE),0) -> 2974011 | K20: =_xlfn.IFNA(VLOOKUP(B20,Input_NOCPRO_GGSN!C:G,5,FALSE),0) -> 120388.72 | L20: =J20/E20 -> 0.74350275 | M20: =K20/F20 -> 0.66882622 | N20: =(J20+(X20/SUM($X$3:$X$27)-U20/SUM($U$3:$U$27))*SUM($J$7:$J$27))*W20 -> 0 | O20: =(K20+(X20/SUM($X$3:$X$27)-U20/SUM($U$3:$U$27))*SUM($K$7:$K$27))*W20 -> 0 | P20: =N20/E20 -> 0 | Q20: =O20/F20 -> 0 | R20: =VLOOKUP(B20,IMS!A:B,4,FALSE) -> #REF! | S20: =N20*7/17 -> 0 | T20: 200000 | U20: =VLOOKUP(B20,idns_weight_PCSCF!A:I,6,) -> 120 | V20: =K20/(SUM($K$7:$K$27))*SUM($U$7:$U$27) -> 0.067379714 | W20: =IF(X20=0,0,1) -> 0 | X20: 0 | Y20: =IF(U20=X20,"NO","YES") -> YES | Z20: =VLOOKUP(B20,Input_Lic_Rate_PS!K:S,9,FALSE) -> TCHL01 | AA20: =O20-K20 -> -120388.72
